booking_id,customer_id,dive_date,dive_type,price_inr
B000400,C00247,2024-01-25,Course,-26750
B000932,C00645,2024-02-28,Discovery Dive,-5850
B000992,C00683,2024-03-04,Fun Dive,-7600
B001215,C00837,2024-03-20,Discovery Dive,-5650
B001414,C00973,2024-04-04,Fun Dive,-8000
B001502,C00553,2024-04-15,Discovery Dive,481124
B001736,C01199,2024-05-12,Discovery Dive,-5200
B001814,C01257,2024-05-21,Fun Dive,761763
B002374,C01672,2024-11-15,Fun Dive,-3300
B002895,C02075,2024-12-26,Fun Dive,-5900
B003039,C02187,2025-01-05,Course,-25900
B003550,C02454,2025-02-07,Fun Dive,-8950
B004005,C02927,2025-03-15,Fun Dive,1234915
B004414,C03241,2025-04-18,Fun Dive,1605169
B004686,C03446,2025-05-19,Fun Dive,-14400
B004855,C03582,2025-10-05,Discovery Dive,501155
B005290,C03933,2025-11-26,Course,-20650
B005688,C04264,2025-12-30,Fun Dive,161391
B005893,C04425,2026-01-18,Discovery Dive,-4100
B006336,C04791,2026-02-28,Fun Dive,-6550
B006472,C04905,2026-03-14,Fun Dive,327465
B006666,C04804,2026-04-02,Fun Dive,608525
B006774,C05157,2026-04-16,Fun Dive,-7050
