trip_id,dive_site,difficulty,boat_capacity,season
T00001,Lighthouse Reef,Intermediate,12,Peak
T00002,Pinnacle Rock,Intermediate,12,Peak
T00003,Coral Ridge,Beginner,9,Peak
T00004,Lighthouse Reef,Intermediate,10,Peak
T00005,Coral Ridge,Beginner,10,Peak
T00006,Lighthouse Reef,Intermediate,8,Peak
T00007,Pinnacle Rock,Intermediate,11,Peak
T00008,Manta Alley,Advanced,11,Peak
T00009,Pinnacle Rock,Intermediate,10,Peak
T00010,Seagrass Flats,Beginner,11,Peak
T00011,Shark Bank,Advanced,12,Peak
T00012,Lighthouse Reef,Intermediate,8,Peak
T00013,The Wall,Advanced,9,Peak
T00014,Blue Hollow,Intermediate,10,Peak
T00015,Anchor Point,Intermediate,8,Peak
T00016,Barracuda Point,Advanced,10,Peak
T00017,Lighthouse Reef,Intermediate,11,Peak
T00018,Pinnacle Rock,Intermediate,9,Peak
T00019,Manta Alley,Advanced,11,Peak
T00020,Coral Ridge,Beginner,10,Peak
T00021,The Wall,Advanced,11,Peak
T00022,Shark Bank,Advanced,8,Peak
T00023,Turtle Bay,Beginner,11,Peak
T00024,Shark Bank,Advanced,9,Peak
T00025,Coral Ridge,Beginner,9,Peak
T00026,Sunken Barge,Intermediate,8,Peak
T00027,Seagrass Flats,Beginner,8,Peak
T00028,Anchor Point,Intermediate,11,Peak
T00029,The Wall,Advanced,8,Peak
T00030,Barracuda Point,Advanced,11,Peak
T00031,Anchor Point,Intermediate,10,Peak
T00032,Turtle Bay,Beginner,12,Peak
T00033,Seagrass Flats,Beginner,12,Peak
T00034,Anchor Point,Intermediate,10,Peak
T00035,Nemo Garden,Beginner,8,Peak
T00036,Seagrass Flats,Beginner,11,Peak
T00037,Blue Hollow,Intermediate,11,Peak
T00038,Turtle Bay,Beginner,10,Peak
T00039,Shark Bank,Advanced,10,Peak
T00040,The Wall,Advanced,10,Peak
T00041,Manta Alley,Advanced,11,Peak
T00042,Turtle Bay,Beginner,11,Peak
T00043,Seagrass Flats,Beginner,11,Peak
T00044,Turtle Bay,Beginner,10,Peak
T00045,Manta Alley,Advanced,8,Peak
T00046,Blue Hollow,Intermediate,12,Peak
T00047,Lighthouse Reef,Intermediate,9,Peak
T00048,Manta Alley,Advanced,9,Peak
T00049,Blue Hollow,Intermediate,9,Peak
T00050,Turtle Bay,Beginner,9,Peak
T00051,Nemo Garden,Beginner,11,Peak
T00052,Coral Ridge,Beginner,10,Peak
T00053,Anchor Point,Intermediate,11,Peak
T00054,Shark Bank,Advanced,12,Peak
T00055,Turtle Bay,Beginner,10,Peak
T00056,Pinnacle Rock,Intermediate,11,Peak
T00057,Drift Corner,Advanced,12,Peak
T00058,Turtle Bay,Beginner,9,Peak
T00059,Barracuda Point,Advanced,8,Peak
T00060,Barracuda Point,Advanced,12,Peak
T00061,Anchor Point,Intermediate,9,Peak
T00062,Shark Bank,Advanced,12,Peak
T00063,Barracuda Point,Advanced,12,Peak
T00064,Seagrass Flats,Beginner,11,Peak
T00065,Blue Hollow,Intermediate,8,Peak
T00066,Blue Hollow,Intermediate,9,Peak
T00067,Lighthouse Reef,Intermediate,9,Peak
T00068,Nemo Garden,Beginner,10,Peak
T00069,Blue Hollow,Intermediate,10,Peak
T00070,Barracuda Point,Advanced,12,Peak
T00071,Lighthouse Reef,Intermediate,9,Peak
T00072,The Wall,Advanced,12,Peak
T00073,Turtle Bay,Beginner,12,Peak
T00074,The Wall,Advanced,12,Peak
T00075,Seagrass Flats,Beginner,9,Peak
T00076,Manta Alley,Advanced,12,Peak
T00077,Anchor Point,Intermediate,12,Peak
T00078,Drift Corner,Advanced,8,Peak
T00079,Turtle Bay,Beginner,8,Peak
T00080,Shark Bank,Advanced,12,Peak
T00081,The Wall,Advanced,11,Peak
T00082,The Wall,Advanced,8,Peak
T00083,Lighthouse Reef,Intermediate,10,Peak
T00084,Sunken Barge,Intermediate,9,Peak
T00085,Barracuda Point,Advanced,11,Peak
T00086,Lighthouse Reef,Intermediate,11,Peak
T00087,Coral Ridge,Beginner,9,Peak
T00088,Sunken Barge,Intermediate,11,Peak
T00089,Nemo Garden,Beginner,10,Peak
T00090,The Wall,Advanced,9,Peak
T00091,Manta Alley,Advanced,10,Peak
T00092,Manta Alley,Advanced,10,Peak
T00093,Seagrass Flats,Beginner,10,Peak
T00094,Nemo Garden,Beginner,11,Peak
T00095,Turtle Bay,Beginner,10,Peak
T00096,Sunken Barge,Intermediate,9,Peak
T00097,Pinnacle Rock,Intermediate,12,Peak
T00098,Pinnacle Rock,Intermediate,9,Peak
T00099,Drift Corner,Advanced,9,Peak
T00100,The Wall,Advanced,10,Peak
T00101,Nemo Garden,Beginner,9,Peak
T00102,Blue Hollow,Intermediate,11,Peak
T00103,Sunken Barge,Intermediate,10,Peak
T00104,Turtle Bay,Beginner,11,Peak
T00105,Blue Hollow,Intermediate,11,Peak
T00106,Nemo Garden,Beginner,12,Peak
T00107,Coral Ridge,Beginner,10,Peak
T00108,Sunken Barge,Intermediate,12,Peak
T00109,Sunken Barge,Intermediate,10,Peak
T00110,Pinnacle Rock,Intermediate,9,Peak
T00111,Lighthouse Reef,Intermediate,10,Peak
T00112,Anchor Point,Intermediate,8,Peak
T00113,Pinnacle Rock,Intermediate,8,Peak
T00114,Nemo Garden,Beginner,10,Peak
T00115,Blue Hollow,Intermediate,10,Peak
T00116,Blue Hollow,Intermediate,11,Peak
T00117,Shark Bank,Advanced,12,Peak
T00118,The Wall,Advanced,12,Peak
T00119,Turtle Bay,Beginner,9,Peak
T00120,Pinnacle Rock,Intermediate,10,Peak
T00121,Anchor Point,Intermediate,9,Peak
T00122,Blue Hollow,Intermediate,8,Peak
T00123,Coral Ridge,Beginner,8,Peak
T00124,Anchor Point,Intermediate,11,Peak
T00125,Blue Hollow,Intermediate,11,Peak
T00126,Blue Hollow,Intermediate,9,Peak
T00127,Anchor Point,Intermediate,12,Peak
T00128,Pinnacle Rock,Intermediate,12,Peak
T00129,Manta Alley,Advanced,10,Peak
T00130,Blue Hollow,Intermediate,12,Peak
T00131,Blue Hollow,Intermediate,11,Peak
T00132,Lighthouse Reef,Intermediate,11,Peak
T00133,Barracuda Point,Advanced,8,Peak
T00134,Shark Bank,Advanced,8,Peak
T00135,Lighthouse Reef,Intermediate,12,Peak
T00136,The Wall,Advanced,9,Peak
T00137,The Wall,Advanced,11,Peak
T00138,Barracuda Point,Advanced,12,Peak
T00139,Shark Bank,Advanced,11,Peak
T00140,Barracuda Point,Advanced,9,Peak
T00141,Coral Ridge,Beginner,12,Peak
T00142,Turtle Bay,Beginner,9,Peak
T00143,Seagrass Flats,Beginner,11,Peak
T00144,Manta Alley,Advanced,9,Peak
T00145,Sunken Barge,Intermediate,8,Peak
T00146,Manta Alley,Advanced,9,Peak
T00147,Blue Hollow,Intermediate,10,Peak
T00148,Barracuda Point,Advanced,11,Peak
T00149,Anchor Point,Intermediate,9,Peak
T00150,Sunken Barge,Intermediate,12,Peak
T00151,Anchor Point,Intermediate,10,Peak
T00152,The Wall,Advanced,11,Peak
T00153,Nemo Garden,Beginner,10,Peak
T00154,Blue Hollow,Intermediate,10,Peak
T00155,Lighthouse Reef,Intermediate,10,Peak
T00156,Manta Alley,Advanced,9,Peak
T00157,Sunken Barge,Intermediate,10,Peak
T00158,Manta Alley,Advanced,10,Peak
T00159,Lighthouse Reef,Intermediate,8,Peak
T00160,Blue Hollow,Intermediate,11,Peak
T00161,Pinnacle Rock,Intermediate,10,Peak
T00162,Shark Bank,Advanced,9,Peak
T00163,Lighthouse Reef,Intermediate,8,Peak
T00164,Anchor Point,Intermediate,11,Peak
T00165,Manta Alley,Advanced,11,Peak
T00166,Drift Corner,Advanced,12,Peak
T00167,Lighthouse Reef,Intermediate,12,Peak
T00168,The Wall,Advanced,12,Peak
T00169,Nemo Garden,Beginner,9,Peak
T00170,Nemo Garden,Beginner,9,Peak
T00171,Coral Ridge,Beginner,8,Peak
T00172,Manta Alley,Advanced,11,Shoulder
T00173,Shark Bank,Advanced,9,Shoulder
T00174,Coral Ridge,Beginner,12,Shoulder
T00175,Seagrass Flats,Beginner,11,Shoulder
T00176,Sunken Barge,Intermediate,11,Shoulder
T00177,Shark Bank,Advanced,10,Shoulder
T00178,Shark Bank,Advanced,8,Shoulder
T00179,Manta Alley,Advanced,8,Shoulder
T00180,Seagrass Flats,Beginner,11,Shoulder
T00181,Seagrass Flats,Beginner,8,Shoulder
T00182,Pinnacle Rock,Intermediate,11,Shoulder
T00183,Manta Alley,Advanced,10,Shoulder
T00184,Coral Ridge,Beginner,8,Shoulder
T00185,The Wall,Advanced,8,Shoulder
T00186,Sunken Barge,Intermediate,12,Shoulder
T00187,Seagrass Flats,Beginner,12,Shoulder
T00188,Nemo Garden,Beginner,8,Shoulder
T00189,Manta Alley,Advanced,11,Shoulder
T00190,Manta Alley,Advanced,9,Shoulder
T00191,Anchor Point,Intermediate,10,Shoulder
T00192,The Wall,Advanced,9,Shoulder
T00193,Drift Corner,Advanced,11,Shoulder
T00194,Drift Corner,Advanced,11,Shoulder
T00195,Barracuda Point,Advanced,8,Shoulder
T00196,Seagrass Flats,Beginner,9,Shoulder
T00197,Coral Ridge,Beginner,10,Shoulder
T00198,Sunken Barge,Intermediate,10,Shoulder
T00199,Lighthouse Reef,Intermediate,12,Shoulder
T00200,Coral Ridge,Beginner,10,Shoulder
T00201,Manta Alley,Advanced,9,Shoulder
T00202,Turtle Bay,Beginner,11,Shoulder
T00203,Lighthouse Reef,Intermediate,9,Shoulder
T00204,Manta Alley,Advanced,10,Shoulder
T00205,Lighthouse Reef,Intermediate,10,Shoulder
T00206,Nemo Garden,Beginner,9,Shoulder
T00207,Sunken Barge,Intermediate,12,Shoulder
T00208,Manta Alley,Advanced,12,Shoulder
T00209,Shark Bank,Advanced,12,Shoulder
T00210,Drift Corner,Advanced,9,Shoulder
T00211,The Wall,Advanced,8,Shoulder
T00212,Anchor Point,Intermediate,8,Shoulder
T00213,Turtle Bay,Beginner,8,Shoulder
T00214,Blue Hollow,Intermediate,9,Shoulder
T00215,Seagrass Flats,Beginner,9,Shoulder
T00216,Blue Hollow,Intermediate,11,Shoulder
T00217,Nemo Garden,Beginner,12,Shoulder
T00218,Sunken Barge,Intermediate,8,Shoulder
T00219,Sunken Barge,Intermediate,12,Shoulder
T00220,Sunken Barge,Intermediate,10,Shoulder
T00221,Pinnacle Rock,Intermediate,10,Shoulder
T00222,Manta Alley,Advanced,9,Shoulder
T00223,Coral Ridge,Beginner,11,Shoulder
T00224,Turtle Bay,Beginner,12,Shoulder
T00225,Turtle Bay,Beginner,11,Shoulder
T00226,Shark Bank,Advanced,9,Shoulder
T00227,Manta Alley,Advanced,11,Shoulder
T00228,Pinnacle Rock,Intermediate,11,Shoulder
T00229,Pinnacle Rock,Intermediate,11,Shoulder
T00230,Barracuda Point,Advanced,12,Shoulder
T00231,Drift Corner,Advanced,10,Shoulder
T00232,Pinnacle Rock,Intermediate,12,Shoulder
T00233,Drift Corner,Advanced,8,Shoulder
T00234,Lighthouse Reef,Intermediate,11,Shoulder
T00235,Blue Hollow,Intermediate,11,Shoulder
T00236,Drift Corner,Advanced,9,Shoulder
T00237,Anchor Point,Intermediate,9,Shoulder
T00238,Manta Alley,Advanced,8,Shoulder
T00239,Barracuda Point,Advanced,11,Monsoon-Closed
T00240,Turtle Bay,Beginner,8,Monsoon-Closed
T00241,Coral Ridge,Beginner,11,Monsoon-Closed
T00242,Lighthouse Reef,Intermediate,9,Monsoon-Closed
T00243,The Wall,Advanced,10,Monsoon-Closed
T00244,Seagrass Flats,Beginner,12,Monsoon-Closed
T00245,Lighthouse Reef,Intermediate,10,Monsoon-Closed
T00246,The Wall,Advanced,9,Monsoon-Closed
T00247,Pinnacle Rock,Intermediate,11,Monsoon-Closed
T00248,Pinnacle Rock,Intermediate,9,Monsoon-Closed
T00249,Sunken Barge,Intermediate,9,Shoulder
T00250,Lighthouse Reef,Intermediate,9,Shoulder
T00251,Coral Ridge,Beginner,12,Shoulder
T00252,Pinnacle Rock,Intermediate,12,Shoulder
T00253,Lighthouse Reef,Intermediate,9,Shoulder
T00254,Sunken Barge,Intermediate,10,Shoulder
T00255,Turtle Bay,Beginner,12,Shoulder
T00256,Nemo Garden,Beginner,8,Shoulder
T00257,Barracuda Point,Advanced,12,Shoulder
T00258,Drift Corner,Advanced,8,Shoulder
T00259,Shark Bank,Advanced,12,Shoulder
T00260,Blue Hollow,Intermediate,9,Shoulder
T00261,Anchor Point,Intermediate,10,Shoulder
T00262,Nemo Garden,Beginner,8,Shoulder
T00263,Manta Alley,Advanced,11,Shoulder
T00264,Manta Alley,Advanced,12,Shoulder
T00265,Pinnacle Rock,Intermediate,9,Shoulder
T00266,Shark Bank,Advanced,10,Shoulder
T00267,Blue Hollow,Intermediate,10,Shoulder
T00268,Anchor Point,Intermediate,12,Shoulder
T00269,Shark Bank,Advanced,11,Shoulder
T00270,Nemo Garden,Beginner,10,Shoulder
T00271,Coral Ridge,Beginner,12,Shoulder
T00272,Manta Alley,Advanced,9,Shoulder
T00273,Blue Hollow,Intermediate,12,Shoulder
T00274,The Wall,Advanced,11,Shoulder
T00275,Nemo Garden,Beginner,10,Shoulder
T00276,The Wall,Advanced,9,Shoulder
T00277,Barracuda Point,Advanced,10,Shoulder
T00278,Manta Alley,Advanced,11,Shoulder
T00279,Manta Alley,Advanced,10,Shoulder
T00280,Manta Alley,Advanced,12,Shoulder
T00281,Blue Hollow,Intermediate,8,Shoulder
T00282,Drift Corner,Advanced,8,Shoulder
T00283,Barracuda Point,Advanced,8,Shoulder
T00284,Drift Corner,Advanced,9,Shoulder
T00285,Nemo Garden,Beginner,12,Shoulder
T00286,Sunken Barge,Intermediate,10,Shoulder
T00287,Coral Ridge,Beginner,12,Shoulder
T00288,The Wall,Advanced,11,Shoulder
T00289,Coral Ridge,Beginner,8,Shoulder
T00290,Pinnacle Rock,Intermediate,8,Shoulder
T00291,Manta Alley,Advanced,10,Shoulder
T00292,Blue Hollow,Intermediate,10,Shoulder
T00293,Drift Corner,Advanced,11,Shoulder
T00294,Shark Bank,Advanced,9,Shoulder
T00295,Seagrass Flats,Beginner,9,Shoulder
T00296,Nemo Garden,Beginner,12,Shoulder
T00297,Blue Hollow,Intermediate,10,Shoulder
T00298,Pinnacle Rock,Intermediate,8,Shoulder
T00299,Pinnacle Rock,Intermediate,11,Shoulder
T00300,Manta Alley,Advanced,9,Shoulder
T00301,Drift Corner,Advanced,8,Shoulder
T00302,Barracuda Point,Advanced,8,Shoulder
T00303,Pinnacle Rock,Intermediate,11,Shoulder
T00304,Blue Hollow,Intermediate,11,Shoulder
T00305,Coral Ridge,Beginner,9,Shoulder
T00306,Turtle Bay,Beginner,11,Shoulder
T00307,Anchor Point,Intermediate,12,Shoulder
T00308,Blue Hollow,Intermediate,8,Shoulder
T00309,Drift Corner,Advanced,12,Shoulder
T00310,Sunken Barge,Intermediate,10,Shoulder
T00311,Turtle Bay,Beginner,10,Shoulder
T00312,Blue Hollow,Intermediate,12,Shoulder
T00313,Seagrass Flats,Beginner,10,Shoulder
T00314,Nemo Garden,Beginner,12,Shoulder
T00315,Seagrass Flats,Beginner,11,Shoulder
T00316,Lighthouse Reef,Intermediate,9,Shoulder
T00317,Drift Corner,Advanced,11,Shoulder
T00318,Pinnacle Rock,Intermediate,9,Shoulder
T00319,Manta Alley,Advanced,8,Shoulder
T00320,Anchor Point,Intermediate,8,Shoulder
T00321,Nemo Garden,Beginner,8,Shoulder
T00322,Anchor Point,Intermediate,12,Shoulder
T00323,The Wall,Advanced,11,Shoulder
T00324,Anchor Point,Intermediate,8,Shoulder
T00325,Sunken Barge,Intermediate,11,Shoulder
T00326,Pinnacle Rock,Intermediate,11,Peak
T00327,Seagrass Flats,Beginner,12,Peak
T00328,Turtle Bay,Beginner,12,Peak
T00329,Lighthouse Reef,Intermediate,9,Peak
T00330,Turtle Bay,Beginner,10,Peak
T00331,Manta Alley,Advanced,9,Peak
T00332,Manta Alley,Advanced,11,Peak
T00333,Turtle Bay,Beginner,8,Peak
T00334,Coral Ridge,Beginner,10,Peak
T00335,Shark Bank,Advanced,10,Peak
T00336,Turtle Bay,Beginner,9,Peak
T00337,Blue Hollow,Intermediate,12,Peak
T00338,Blue Hollow,Intermediate,11,Peak
T00339,Blue Hollow,Intermediate,8,Peak
T00340,The Wall,Advanced,12,Peak
T00341,Shark Bank,Advanced,10,Peak
T00342,Coral Ridge,Beginner,10,Peak
T00343,Shark Bank,Advanced,8,Peak
T00344,Manta Alley,Advanced,12,Peak
T00345,Nemo Garden,Beginner,12,Peak
T00346,Barracuda Point,Advanced,11,Peak
T00347,Seagrass Flats,Beginner,9,Peak
T00348,Lighthouse Reef,Intermediate,11,Peak
T00349,Seagrass Flats,Beginner,8,Peak
T00350,Lighthouse Reef,Intermediate,11,Peak
T00351,Shark Bank,Advanced,8,Peak
T00352,Manta Alley,Advanced,11,Peak
T00353,The Wall,Advanced,12,Peak
T00354,Turtle Bay,Beginner,9,Peak
T00355,Lighthouse Reef,Intermediate,8,Peak
T00356,Anchor Point,Intermediate,12,Peak
T00357,Drift Corner,Advanced,10,Peak
T00358,Sunken Barge,Intermediate,10,Peak
T00359,Drift Corner,Advanced,12,Peak
T00360,Seagrass Flats,Beginner,10,Peak
T00361,Manta Alley,Advanced,9,Peak
T00362,Sunken Barge,Intermediate,10,Peak
T00363,Anchor Point,Intermediate,10,Peak
T00364,Manta Alley,Advanced,11,Peak
T00365,Anchor Point,Intermediate,11,Peak
T00366,Shark Bank,Advanced,11,Peak
T00367,Anchor Point,Intermediate,8,Peak
T00368,Nemo Garden,Beginner,12,Peak
T00369,Seagrass Flats,Beginner,12,Peak
T00370,Manta Alley,Advanced,11,Peak
T00371,Manta Alley,Advanced,9,Peak
T00372,Lighthouse Reef,Intermediate,8,Peak
T00373,Drift Corner,Advanced,11,Peak
T00374,Lighthouse Reef,Intermediate,9,Peak
T00375,Lighthouse Reef,Intermediate,9,Peak
T00376,Manta Alley,Advanced,11,Peak
T00377,The Wall,Advanced,11,Peak
T00378,The Wall,Advanced,11,Peak
T00379,Drift Corner,Advanced,11,Peak
T00380,Blue Hollow,Intermediate,8,Peak
T00381,Anchor Point,Intermediate,12,Peak
T00382,Turtle Bay,Beginner,8,Peak
T00383,Shark Bank,Advanced,9,Peak
T00384,Anchor Point,Intermediate,9,Peak
T00385,Barracuda Point,Advanced,12,Peak
T00386,Barracuda Point,Advanced,11,Peak
T00387,Shark Bank,Advanced,10,Peak
T00388,Coral Ridge,Beginner,8,Peak
T00389,Blue Hollow,Intermediate,12,Peak
T00390,The Wall,Advanced,12,Peak
T00391,Anchor Point,Intermediate,11,Peak
T00392,Sunken Barge,Intermediate,12,Peak
T00393,Seagrass Flats,Beginner,10,Peak
T00394,Coral Ridge,Beginner,11,Peak
T00395,Pinnacle Rock,Intermediate,8,Peak
T00396,Turtle Bay,Beginner,9,Peak
T00397,Anchor Point,Intermediate,11,Peak
T00398,Shark Bank,Advanced,9,Peak
T00399,Anchor Point,Intermediate,11,Peak
T00400,Turtle Bay,Beginner,11,Peak
T00401,Turtle Bay,Beginner,10,Peak
T00402,Coral Ridge,Beginner,8,Peak
T00403,Turtle Bay,Beginner,9,Peak
T00404,Manta Alley,Advanced,9,Peak
T00405,Blue Hollow,Intermediate,9,Peak
T00406,Anchor Point,Intermediate,12,Peak
T00407,Sunken Barge,Intermediate,9,Peak
T00408,Shark Bank,Advanced,11,Peak
T00409,Seagrass Flats,Beginner,11,Peak
T00410,Pinnacle Rock,Intermediate,8,Peak
T00411,Nemo Garden,Beginner,11,Peak
T00412,The Wall,Advanced,11,Peak
T00413,Manta Alley,Advanced,9,Peak
T00414,Nemo Garden,Beginner,10,Peak
T00415,Turtle Bay,Beginner,12,Peak
T00416,Turtle Bay,Beginner,12,Peak
T00417,Sunken Barge,Intermediate,8,Peak
T00418,Lighthouse Reef,Intermediate,11,Peak
T00419,Barracuda Point,Advanced,10,Peak
T00420,The Wall,Advanced,11,Peak
T00421,The Wall,Advanced,8,Peak
T00422,Anchor Point,Intermediate,10,Peak
T00423,The Wall,Advanced,9,Peak
T00424,Drift Corner,Advanced,10,Peak
T00425,The Wall,Advanced,8,Peak
T00426,Anchor Point,Intermediate,8,Peak
T00427,Nemo Garden,Beginner,10,Peak
T00428,Seagrass Flats,Beginner,12,Peak
T00429,Pinnacle Rock,Intermediate,11,Peak
T00430,Pinnacle Rock,Intermediate,9,Peak
T00431,Sunken Barge,Intermediate,12,Peak
T00432,Barracuda Point,Advanced,9,Peak
T00433,Blue Hollow,Intermediate,9,Peak
T00434,Seagrass Flats,Beginner,9,Peak
T00435,Anchor Point,Intermediate,11,Peak
T00436,Drift Corner,Advanced,10,Peak
T00437,Coral Ridge,Beginner,11,Peak
T00438,Drift Corner,Advanced,11,Peak
T00439,Blue Hollow,Intermediate,12,Peak
T00440,Pinnacle Rock,Intermediate,11,Peak
T00441,Pinnacle Rock,Intermediate,11,Peak
T00442,Coral Ridge,Beginner,9,Peak
T00443,Lighthouse Reef,Intermediate,8,Peak
T00444,Lighthouse Reef,Intermediate,9,Peak
T00445,Sunken Barge,Intermediate,12,Peak
T00446,Manta Alley,Advanced,11,Peak
T00447,Blue Hollow,Intermediate,12,Peak
T00448,Turtle Bay,Beginner,10,Peak
T00449,Shark Bank,Advanced,12,Peak
T00450,Anchor Point,Intermediate,12,Peak
T00451,Coral Ridge,Beginner,11,Peak
T00452,Pinnacle Rock,Intermediate,8,Peak
T00453,Manta Alley,Advanced,9,Peak
T00454,Coral Ridge,Beginner,11,Peak
T00455,Lighthouse Reef,Intermediate,10,Peak
T00456,Drift Corner,Advanced,8,Peak
T00457,Shark Bank,Advanced,9,Peak
T00458,Manta Alley,Advanced,10,Peak
T00459,Drift Corner,Advanced,12,Peak
T00460,Seagrass Flats,Beginner,12,Peak
T00461,Seagrass Flats,Beginner,9,Peak
T00462,Shark Bank,Advanced,8,Peak
T00463,Blue Hollow,Intermediate,10,Peak
T00464,The Wall,Advanced,12,Peak
T00465,Manta Alley,Advanced,10,Peak
T00466,Lighthouse Reef,Intermediate,12,Peak
T00467,Drift Corner,Advanced,12,Peak
T00468,Barracuda Point,Advanced,8,Peak
T00469,Pinnacle Rock,Intermediate,8,Peak
T00470,Lighthouse Reef,Intermediate,9,Peak
T00471,Seagrass Flats,Beginner,10,Peak
T00472,Drift Corner,Advanced,9,Peak
T00473,Shark Bank,Advanced,11,Peak
T00474,The Wall,Advanced,10,Peak
T00475,Barracuda Point,Advanced,11,Peak
T00476,Turtle Bay,Beginner,8,Peak
T00477,Pinnacle Rock,Intermediate,12,Peak
T00478,Manta Alley,Advanced,10,Peak
T00479,Sunken Barge,Intermediate,11,Peak
T00480,Coral Ridge,Beginner,8,Peak
T00481,Manta Alley,Advanced,11,Peak
T00482,Manta Alley,Advanced,10,Peak
T00483,Drift Corner,Advanced,8,Peak
T00484,Pinnacle Rock,Intermediate,9,Peak
T00485,Lighthouse Reef,Intermediate,10,Peak
T00486,Blue Hollow,Intermediate,12,Peak
T00487,Drift Corner,Advanced,11,Peak
T00488,Shark Bank,Advanced,10,Peak
T00489,Shark Bank,Advanced,8,Peak
T00490,Barracuda Point,Advanced,11,Peak
T00491,Coral Ridge,Beginner,8,Peak
T00492,Seagrass Flats,Beginner,11,Peak
T00493,Pinnacle Rock,Intermediate,9,Peak
T00494,Manta Alley,Advanced,9,Peak
T00495,Drift Corner,Advanced,10,Peak
T00496,Turtle Bay,Beginner,10,Peak
T00497,Barracuda Point,Advanced,9,Peak
T00498,Barracuda Point,Advanced,10,Peak
T00499,Manta Alley,Advanced,9,Peak
T00500,Turtle Bay,Beginner,8,Peak
T00501,Coral Ridge,Beginner,9,Peak
T00502,Seagrass Flats,Beginner,12,Peak
T00503,Nemo Garden,Beginner,12,Peak
T00504,Coral Ridge,Beginner,8,Peak
T00505,Drift Corner,Advanced,8,Peak
T00506,Seagrass Flats,Beginner,11,Peak
T00507,Manta Alley,Advanced,8,Peak
T00508,Turtle Bay,Beginner,10,Peak
T00509,Lighthouse Reef,Intermediate,9,Peak
T00510,Pinnacle Rock,Intermediate,9,Peak
T00511,Barracuda Point,Advanced,9,Peak
T00512,The Wall,Advanced,8,Peak
T00513,The Wall,Advanced,9,Peak
T00514,Manta Alley,Advanced,9,Peak
T00515,Barracuda Point,Advanced,9,Peak
T00516,The Wall,Advanced,11,Peak
T00517,Turtle Bay,Beginner,9,Peak
T00518,Shark Bank,Advanced,8,Peak
T00519,Pinnacle Rock,Intermediate,10,Peak
T00520,Nemo Garden,Beginner,10,Peak
T00521,Nemo Garden,Beginner,12,Peak
T00522,Manta Alley,Advanced,12,Peak
T00523,Manta Alley,Advanced,8,Peak
T00524,Drift Corner,Advanced,10,Peak
T00525,The Wall,Advanced,12,Peak
T00526,Nemo Garden,Beginner,11,Peak
T00527,Shark Bank,Advanced,9,Peak
T00528,Sunken Barge,Intermediate,11,Peak
T00529,Turtle Bay,Beginner,9,Peak
T00530,Blue Hollow,Intermediate,8,Peak
T00531,Anchor Point,Intermediate,10,Peak
T00532,Drift Corner,Advanced,12,Peak
T00533,Pinnacle Rock,Intermediate,10,Peak
T00534,Seagrass Flats,Beginner,11,Peak
T00535,Shark Bank,Advanced,8,Peak
T00536,Turtle Bay,Beginner,8,Peak
T00537,Lighthouse Reef,Intermediate,9,Peak
T00538,Coral Ridge,Beginner,11,Peak
T00539,Blue Hollow,Intermediate,10,Peak
T00540,Blue Hollow,Intermediate,11,Peak
T00541,Barracuda Point,Advanced,12,Peak
T00542,Blue Hollow,Intermediate,12,Peak
T00543,Turtle Bay,Beginner,12,Peak
T00544,Nemo Garden,Beginner,9,Peak
T00545,Blue Hollow,Intermediate,10,Peak
T00546,Barracuda Point,Advanced,8,Peak
T00547,Lighthouse Reef,Intermediate,11,Peak
T00548,Drift Corner,Advanced,9,Shoulder
T00549,Turtle Bay,Beginner,11,Shoulder
T00550,Turtle Bay,Beginner,11,Shoulder
T00551,Coral Ridge,Beginner,10,Shoulder
T00552,Barracuda Point,Advanced,9,Shoulder
T00553,Manta Alley,Advanced,8,Shoulder
T00554,Seagrass Flats,Beginner,11,Shoulder
T00555,Shark Bank,Advanced,10,Shoulder
T00556,Seagrass Flats,Beginner,10,Shoulder
T00557,Manta Alley,Advanced,8,Shoulder
T00558,Coral Ridge,Beginner,10,Shoulder
T00559,Lighthouse Reef,Intermediate,12,Shoulder
T00560,Manta Alley,Advanced,12,Shoulder
T00561,Barracuda Point,Advanced,8,Shoulder
T00562,Blue Hollow,Intermediate,10,Shoulder
T00563,Seagrass Flats,Beginner,10,Shoulder
T00564,Seagrass Flats,Beginner,10,Shoulder
T00565,Barracuda Point,Advanced,8,Shoulder
T00566,Blue Hollow,Intermediate,8,Shoulder
T00567,Coral Ridge,Beginner,8,Shoulder
T00568,Sunken Barge,Intermediate,10,Shoulder
T00569,Seagrass Flats,Beginner,9,Shoulder
T00570,Drift Corner,Advanced,8,Shoulder
T00571,Manta Alley,Advanced,11,Shoulder
T00572,Manta Alley,Advanced,10,Shoulder
T00573,Lighthouse Reef,Intermediate,8,Shoulder
T00574,Barracuda Point,Advanced,8,Shoulder
T00575,Seagrass Flats,Beginner,9,Shoulder
T00576,Coral Ridge,Beginner,11,Shoulder
T00577,Sunken Barge,Intermediate,10,Shoulder
T00578,Shark Bank,Advanced,10,Shoulder
T00579,Blue Hollow,Intermediate,11,Shoulder
T00580,Nemo Garden,Beginner,10,Shoulder
T00581,The Wall,Advanced,10,Shoulder
T00582,Nemo Garden,Beginner,11,Shoulder
T00583,Shark Bank,Advanced,9,Shoulder
T00584,Shark Bank,Advanced,9,Shoulder
T00585,Pinnacle Rock,Intermediate,8,Shoulder
T00586,Nemo Garden,Beginner,12,Shoulder
T00587,Drift Corner,Advanced,8,Shoulder
T00588,Coral Ridge,Beginner,11,Shoulder
T00589,Manta Alley,Advanced,10,Shoulder
T00590,Blue Hollow,Intermediate,9,Shoulder
T00591,Seagrass Flats,Beginner,10,Shoulder
T00592,Drift Corner,Advanced,12,Shoulder
T00593,Anchor Point,Intermediate,11,Shoulder
T00594,Turtle Bay,Beginner,12,Shoulder
T00595,Seagrass Flats,Beginner,11,Shoulder
T00596,The Wall,Advanced,8,Shoulder
T00597,Seagrass Flats,Beginner,9,Shoulder
T00598,Shark Bank,Advanced,11,Shoulder
T00599,Anchor Point,Intermediate,11,Shoulder
T00600,Turtle Bay,Beginner,9,Shoulder
T00601,Shark Bank,Advanced,12,Shoulder
T00602,Turtle Bay,Beginner,9,Shoulder
T00603,Anchor Point,Intermediate,11,Shoulder
T00604,Anchor Point,Intermediate,9,Shoulder
T00605,Drift Corner,Advanced,8,Shoulder
T00606,Lighthouse Reef,Intermediate,12,Shoulder
T00607,Drift Corner,Advanced,10,Shoulder
T00608,Manta Alley,Advanced,9,Shoulder
T00609,Pinnacle Rock,Intermediate,12,Shoulder
T00610,Lighthouse Reef,Intermediate,10,Shoulder
T00611,Seagrass Flats,Beginner,8,Shoulder
T00612,Blue Hollow,Intermediate,12,Shoulder
T00613,Shark Bank,Advanced,9,Shoulder
T00614,Coral Ridge,Beginner,9,Shoulder
T00615,Drift Corner,Advanced,11,Shoulder
T00616,Barracuda Point,Advanced,8,Shoulder
T00617,Lighthouse Reef,Intermediate,8,Shoulder
T00618,Turtle Bay,Beginner,9,Shoulder
T00619,Seagrass Flats,Beginner,8,Shoulder
T00620,Coral Ridge,Beginner,11,Monsoon-Closed
T00621,The Wall,Advanced,11,Monsoon-Closed
T00622,Barracuda Point,Advanced,11,Monsoon-Closed
T00623,Nemo Garden,Beginner,9,Monsoon-Closed
T00624,Sunken Barge,Intermediate,9,Monsoon-Closed
T00625,The Wall,Advanced,12,Monsoon-Closed
T00626,Lighthouse Reef,Intermediate,11,Monsoon-Closed
T00627,Lighthouse Reef,Intermediate,11,Monsoon-Closed
T00628,Nemo Garden,Beginner,12,Monsoon-Closed
T00629,Shark Bank,Advanced,12,Monsoon-Closed
T00630,Anchor Point,Intermediate,12,Monsoon-Closed
T00631,Shark Bank,Advanced,10,Monsoon-Closed
T00632,Sunken Barge,Intermediate,12,Monsoon-Closed
T00633,Seagrass Flats,Beginner,8,Shoulder
T00634,Nemo Garden,Beginner,10,Shoulder
T00635,Shark Bank,Advanced,8,Shoulder
T00636,The Wall,Advanced,11,Shoulder
T00637,Drift Corner,Advanced,9,Shoulder
T00638,The Wall,Advanced,10,Shoulder
T00639,Manta Alley,Advanced,10,Shoulder
T00640,Coral Ridge,Beginner,10,Shoulder
T00641,The Wall,Advanced,9,Shoulder
T00642,Nemo Garden,Beginner,11,Shoulder
T00643,Coral Ridge,Beginner,8,Shoulder
T00644,Coral Ridge,Beginner,9,Shoulder
T00645,Sunken Barge,Intermediate,8,Shoulder
T00646,Anchor Point,Intermediate,12,Shoulder
T00647,Seagrass Flats,Beginner,10,Shoulder
T00648,Shark Bank,Advanced,10,Shoulder
T00649,Seagrass Flats,Beginner,12,Shoulder
T00650,Seagrass Flats,Beginner,8,Shoulder
T00651,Drift Corner,Advanced,10,Shoulder
T00652,Barracuda Point,Advanced,11,Shoulder
T00653,Anchor Point,Intermediate,9,Shoulder
T00654,Manta Alley,Advanced,11,Shoulder
T00655,Sunken Barge,Intermediate,10,Shoulder
T00656,Blue Hollow,Intermediate,12,Shoulder
T00657,Nemo Garden,Beginner,12,Shoulder
T00658,Pinnacle Rock,Intermediate,10,Shoulder
T00659,Seagrass Flats,Beginner,8,Shoulder
T00660,Pinnacle Rock,Intermediate,12,Shoulder
T00661,The Wall,Advanced,10,Shoulder
T00662,The Wall,Advanced,9,Shoulder
T00663,Turtle Bay,Beginner,11,Shoulder
T00664,Manta Alley,Advanced,8,Shoulder
T00665,Anchor Point,Intermediate,9,Shoulder
T00666,Drift Corner,Advanced,10,Shoulder
T00667,Nemo Garden,Beginner,8,Shoulder
T00668,Shark Bank,Advanced,8,Shoulder
T00669,Coral Ridge,Beginner,11,Shoulder
T00670,Pinnacle Rock,Intermediate,9,Shoulder
T00671,Sunken Barge,Intermediate,11,Shoulder
T00672,Pinnacle Rock,Intermediate,8,Shoulder
T00673,The Wall,Advanced,9,Shoulder
T00674,Drift Corner,Advanced,8,Shoulder
T00675,Lighthouse Reef,Intermediate,8,Shoulder
T00676,Turtle Bay,Beginner,8,Shoulder
T00677,Pinnacle Rock,Intermediate,9,Shoulder
T00678,Blue Hollow,Intermediate,8,Shoulder
T00679,The Wall,Advanced,11,Shoulder
T00680,Pinnacle Rock,Intermediate,9,Shoulder
T00681,Coral Ridge,Beginner,8,Shoulder
T00682,Pinnacle Rock,Intermediate,12,Shoulder
T00683,Manta Alley,Advanced,12,Shoulder
T00684,Lighthouse Reef,Intermediate,10,Shoulder
T00685,Coral Ridge,Beginner,11,Shoulder
T00686,Drift Corner,Advanced,11,Shoulder
T00687,Anchor Point,Intermediate,8,Shoulder
T00688,Barracuda Point,Advanced,12,Shoulder
T00689,Nemo Garden,Beginner,9,Shoulder
T00690,Barracuda Point,Advanced,10,Shoulder
T00691,Sunken Barge,Intermediate,8,Shoulder
T00692,Pinnacle Rock,Intermediate,11,Shoulder
T00693,Barracuda Point,Advanced,10,Shoulder
T00694,Blue Hollow,Intermediate,11,Shoulder
T00695,Pinnacle Rock,Intermediate,10,Shoulder
T00696,Sunken Barge,Intermediate,11,Shoulder
T00697,Lighthouse Reef,Intermediate,9,Shoulder
T00698,Seagrass Flats,Beginner,8,Shoulder
T00699,Anchor Point,Intermediate,12,Peak
T00700,Pinnacle Rock,Intermediate,12,Peak
T00701,Coral Ridge,Beginner,11,Peak
T00702,Drift Corner,Advanced,12,Peak
T00703,Blue Hollow,Intermediate,11,Peak
T00704,Nemo Garden,Beginner,11,Peak
T00705,Pinnacle Rock,Intermediate,8,Peak
T00706,Blue Hollow,Intermediate,12,Peak
T00707,Barracuda Point,Advanced,12,Peak
T00708,Sunken Barge,Intermediate,9,Peak
T00709,Seagrass Flats,Beginner,9,Peak
T00710,Seagrass Flats,Beginner,8,Peak
T00711,Barracuda Point,Advanced,11,Peak
T00712,Drift Corner,Advanced,9,Peak
T00713,Drift Corner,Advanced,12,Peak
T00714,Manta Alley,Advanced,8,Peak
T00715,Turtle Bay,Beginner,11,Peak
T00716,Blue Hollow,Intermediate,10,Peak
T00717,Drift Corner,Advanced,8,Peak
T00718,Blue Hollow,Intermediate,11,Peak
T00719,Seagrass Flats,Beginner,9,Peak
T00720,The Wall,Advanced,12,Peak
T00721,Turtle Bay,Beginner,8,Peak
T00722,Turtle Bay,Beginner,10,Peak
T00723,Anchor Point,Intermediate,11,Peak
T00724,Barracuda Point,Advanced,11,Peak
T00725,The Wall,Advanced,12,Peak
T00726,Pinnacle Rock,Intermediate,9,Peak
T00727,The Wall,Advanced,12,Peak
T00728,Pinnacle Rock,Intermediate,10,Peak
T00729,Coral Ridge,Beginner,11,Peak
T00730,Anchor Point,Intermediate,8,Peak
T00731,Shark Bank,Advanced,10,Peak
T00732,Drift Corner,Advanced,11,Peak
T00733,Drift Corner,Advanced,8,Peak
T00734,Nemo Garden,Beginner,9,Peak
T00735,Shark Bank,Advanced,10,Peak
T00736,Lighthouse Reef,Intermediate,11,Peak
T00737,Sunken Barge,Intermediate,9,Peak
T00738,Drift Corner,Advanced,11,Peak
T00739,Shark Bank,Advanced,12,Peak
T00740,Drift Corner,Advanced,8,Peak
T00741,Seagrass Flats,Beginner,8,Peak
T00742,Blue Hollow,Intermediate,11,Peak
T00743,Seagrass Flats,Beginner,12,Peak
T00744,Coral Ridge,Beginner,9,Peak
T00745,Drift Corner,Advanced,8,Peak
T00746,Nemo Garden,Beginner,8,Peak
T00747,Manta Alley,Advanced,9,Peak
T00748,Drift Corner,Advanced,11,Peak
T00749,Blue Hollow,Intermediate,11,Peak
T00750,Turtle Bay,Beginner,8,Peak
T00751,Sunken Barge,Intermediate,12,Peak
T00752,Sunken Barge,Intermediate,9,Peak
T00753,Sunken Barge,Intermediate,12,Peak
T00754,Anchor Point,Intermediate,9,Peak
T00755,Drift Corner,Advanced,8,Peak
T00756,Seagrass Flats,Beginner,12,Peak
T00757,Shark Bank,Advanced,9,Peak
T00758,Barracuda Point,Advanced,9,Peak
T00759,Lighthouse Reef,Intermediate,11,Peak
T00760,Drift Corner,Advanced,8,Peak
T00761,Seagrass Flats,Beginner,9,Peak
T00762,Coral Ridge,Beginner,9,Peak
T00763,Lighthouse Reef,Intermediate,10,Peak
T00764,Pinnacle Rock,Intermediate,11,Peak
T00765,Nemo Garden,Beginner,11,Peak
T00766,Blue Hollow,Intermediate,12,Peak
T00767,Pinnacle Rock,Intermediate,12,Peak
T00768,Blue Hollow,Intermediate,10,Peak
T00769,Blue Hollow,Intermediate,12,Peak
T00770,Lighthouse Reef,Intermediate,8,Peak
T00771,Anchor Point,Intermediate,10,Peak
T00772,Drift Corner,Advanced,10,Peak
T00773,Barracuda Point,Advanced,10,Peak
T00774,Nemo Garden,Beginner,9,Peak
T00775,Coral Ridge,Beginner,12,Peak
T00776,Anchor Point,Intermediate,9,Peak
T00777,Manta Alley,Advanced,8,Peak
T00778,Lighthouse Reef,Intermediate,10,Peak
T00779,Pinnacle Rock,Intermediate,11,Peak
T00780,The Wall,Advanced,12,Peak
T00781,Anchor Point,Intermediate,9,Peak
T00782,Sunken Barge,Intermediate,10,Peak
T00783,Drift Corner,Advanced,12,Peak
T00784,Turtle Bay,Beginner,11,Peak
T00785,Seagrass Flats,Beginner,10,Peak
T00786,Blue Hollow,Intermediate,9,Peak
T00787,Anchor Point,Intermediate,8,Peak
T00788,Nemo Garden,Beginner,10,Peak
T00789,Pinnacle Rock,Intermediate,10,Peak
T00790,The Wall,Advanced,10,Peak
T00791,Sunken Barge,Intermediate,8,Peak
T00792,The Wall,Advanced,12,Peak
T00793,Nemo Garden,Beginner,12,Peak
T00794,Turtle Bay,Beginner,11,Peak
T00795,Pinnacle Rock,Intermediate,8,Peak
T00796,Seagrass Flats,Beginner,9,Peak
T00797,Anchor Point,Intermediate,11,Peak
T00798,Sunken Barge,Intermediate,9,Peak
T00799,Manta Alley,Advanced,9,Peak
T00800,Shark Bank,Advanced,8,Peak
T00801,Seagrass Flats,Beginner,10,Peak
T00802,Lighthouse Reef,Intermediate,9,Peak
T00803,Shark Bank,Advanced,9,Peak
T00804,Seagrass Flats,Beginner,11,Peak
T00805,Shark Bank,Advanced,8,Peak
T00806,Pinnacle Rock,Intermediate,11,Peak
T00807,Pinnacle Rock,Intermediate,11,Peak
T00808,Pinnacle Rock,Intermediate,8,Peak
T00809,Nemo Garden,Beginner,10,Peak
T00810,Coral Ridge,Beginner,10,Peak
T00811,Coral Ridge,Beginner,8,Peak
T00812,Manta Alley,Advanced,10,Peak
T00813,Turtle Bay,Beginner,11,Peak
T00814,Blue Hollow,Intermediate,12,Peak
T00815,Turtle Bay,Beginner,8,Peak
T00816,Lighthouse Reef,Intermediate,10,Peak
T00817,Blue Hollow,Intermediate,12,Peak
T00818,Pinnacle Rock,Intermediate,9,Peak
T00819,Sunken Barge,Intermediate,10,Peak
T00820,Shark Bank,Advanced,9,Peak
T00821,Shark Bank,Advanced,11,Peak
T00822,Coral Ridge,Beginner,9,Peak
T00823,Nemo Garden,Beginner,8,Peak
T00824,Seagrass Flats,Beginner,8,Peak
T00825,Barracuda Point,Advanced,8,Peak
T00826,Barracuda Point,Advanced,10,Peak
T00827,The Wall,Advanced,8,Peak
T00828,Coral Ridge,Beginner,8,Peak
T00829,Manta Alley,Advanced,8,Peak
T00830,Pinnacle Rock,Intermediate,11,Peak
T00831,Sunken Barge,Intermediate,9,Peak
T00832,Barracuda Point,Advanced,8,Peak
T00833,Lighthouse Reef,Intermediate,11,Peak
T00834,Barracuda Point,Advanced,12,Peak
T00835,The Wall,Advanced,9,Peak
T00836,Turtle Bay,Beginner,12,Peak
T00837,Turtle Bay,Beginner,10,Peak
T00838,Nemo Garden,Beginner,12,Peak
T00839,Nemo Garden,Beginner,10,Peak
T00840,Drift Corner,Advanced,12,Peak
T00841,Pinnacle Rock,Intermediate,10,Peak
T00842,Blue Hollow,Intermediate,11,Peak
T00843,Nemo Garden,Beginner,11,Peak
T00844,Coral Ridge,Beginner,8,Peak
T00845,Turtle Bay,Beginner,12,Peak
T00846,Seagrass Flats,Beginner,8,Peak
T00847,Turtle Bay,Beginner,8,Peak
T00848,Sunken Barge,Intermediate,10,Peak
T00849,Drift Corner,Advanced,9,Peak
T00850,Drift Corner,Advanced,8,Peak
T00851,Anchor Point,Intermediate,10,Peak
T00852,Turtle Bay,Beginner,8,Peak
T00853,Coral Ridge,Beginner,8,Peak
T00854,Barracuda Point,Advanced,9,Peak
T00855,Sunken Barge,Intermediate,12,Peak
T00856,Anchor Point,Intermediate,10,Peak
T00857,Sunken Barge,Intermediate,10,Peak
T00858,Drift Corner,Advanced,11,Peak
T00859,Sunken Barge,Intermediate,11,Peak
T00860,Shark Bank,Advanced,9,Peak
T00861,Manta Alley,Advanced,8,Shoulder
T00862,Drift Corner,Advanced,9,Shoulder
T00863,The Wall,Advanced,11,Shoulder
T00864,Seagrass Flats,Beginner,12,Shoulder
T00865,Coral Ridge,Beginner,9,Shoulder
T00866,Sunken Barge,Intermediate,8,Shoulder
T00867,Sunken Barge,Intermediate,8,Shoulder
T00868,Barracuda Point,Advanced,10,Shoulder
T00869,Drift Corner,Advanced,12,Shoulder
T00870,The Wall,Advanced,12,Shoulder
T00871,Drift Corner,Advanced,10,Shoulder
T00872,The Wall,Advanced,8,Shoulder
T00873,Manta Alley,Advanced,9,Shoulder
T00874,Barracuda Point,Advanced,11,Shoulder
T00875,Drift Corner,Advanced,12,Shoulder
T00876,The Wall,Advanced,8,Shoulder
T00877,Seagrass Flats,Beginner,12,Shoulder
T00878,Drift Corner,Advanced,9,Shoulder
T00879,Nemo Garden,Beginner,10,Shoulder
T00880,Coral Ridge,Beginner,12,Shoulder
T00881,Barracuda Point,Advanced,11,Shoulder
T00882,Nemo Garden,Beginner,8,Shoulder
T00883,Shark Bank,Advanced,12,Shoulder
T00884,Drift Corner,Advanced,11,Shoulder
T00885,Sunken Barge,Intermediate,8,Shoulder
T00886,Turtle Bay,Beginner,11,Shoulder
T00887,Coral Ridge,Beginner,8,Shoulder
T00888,The Wall,Advanced,10,Shoulder
T00889,Blue Hollow,Intermediate,9,Shoulder
T00890,Sunken Barge,Intermediate,10,Shoulder
T00891,Coral Ridge,Beginner,9,Shoulder
T00892,Anchor Point,Intermediate,12,Shoulder
T00893,Manta Alley,Advanced,10,Shoulder
T00894,Shark Bank,Advanced,9,Shoulder
T00895,Anchor Point,Intermediate,10,Shoulder
T00896,Anchor Point,Intermediate,8,Shoulder
T00897,Seagrass Flats,Beginner,11,Shoulder
T00898,Manta Alley,Advanced,11,Shoulder
T00899,The Wall,Advanced,9,Shoulder
T00900,Pinnacle Rock,Intermediate,9,Shoulder
T00901,Manta Alley,Advanced,10,Shoulder
T00902,Pinnacle Rock,Intermediate,8,Shoulder
T00903,Drift Corner,Advanced,12,Shoulder
T00904,Sunken Barge,Intermediate,11,Shoulder
T00905,Blue Hollow,Intermediate,9,Shoulder
T00906,Coral Ridge,Beginner,12,Shoulder
T00907,Pinnacle Rock,Intermediate,12,Shoulder
T00908,Seagrass Flats,Beginner,12,Shoulder
T00909,Drift Corner,Advanced,9,Shoulder
T00910,Barracuda Point,Advanced,12,Shoulder
T00911,Anchor Point,Intermediate,12,Shoulder
T00912,Pinnacle Rock,Intermediate,12,Shoulder
T00913,Shark Bank,Advanced,9,Shoulder
T00914,Lighthouse Reef,Intermediate,11,Shoulder
T00915,The Wall,Advanced,12,Shoulder
T00916,Manta Alley,Advanced,12,Shoulder
T00917,Manta Alley,Advanced,12,Shoulder
T00918,Nemo Garden,Beginner,9,Shoulder
T00919,Lighthouse Reef,Intermediate,10,Shoulder
T00920,Seagrass Flats,Beginner,9,Shoulder
T00921,Anchor Point,Intermediate,8,Shoulder
T00922,The Wall,Advanced,12,Shoulder
