date,sea_condition,year,month,month_name,year_month,day_of_week,is_weekend,season,season_year,is_partial_season
2024-01-01,Moderate,2024,1,Jan,2024-01,Monday,0,Peak,2023-24 (half),1
2024-01-02,Moderate,2024,1,Jan,2024-01,Tuesday,0,Peak,2023-24 (half),1
2024-01-03,Moderate,2024,1,Jan,2024-01,Wednesday,0,Peak,2023-24 (half),1
2024-01-04,Moderate,2024,1,Jan,2024-01,Thursday,0,Peak,2023-24 (half),1
2024-01-05,Moderate,2024,1,Jan,2024-01,Friday,0,Peak,2023-24 (half),1
2024-01-06,Calm,2024,1,Jan,2024-01,Saturday,1,Peak,2023-24 (half),1
2024-01-07,Calm,2024,1,Jan,2024-01,Sunday,1,Peak,2023-24 (half),1
2024-01-08,Calm,2024,1,Jan,2024-01,Monday,0,Peak,2023-24 (half),1
2024-01-09,Calm,2024,1,Jan,2024-01,Tuesday,0,Peak,2023-24 (half),1
2024-01-10,Calm,2024,1,Jan,2024-01,Wednesday,0,Peak,2023-24 (half),1
2024-01-11,Calm,2024,1,Jan,2024-01,Thursday,0,Peak,2023-24 (half),1
2024-01-12,Calm,2024,1,Jan,2024-01,Friday,0,Peak,2023-24 (half),1
2024-01-13,Moderate,2024,1,Jan,2024-01,Saturday,1,Peak,2023-24 (half),1
2024-01-14,Moderate,2024,1,Jan,2024-01,Sunday,1,Peak,2023-24 (half),1
2024-01-15,Moderate,2024,1,Jan,2024-01,Monday,0,Peak,2023-24 (half),1
2024-01-16,Moderate,2024,1,Jan,2024-01,Tuesday,0,Peak,2023-24 (half),1
2024-01-17,Moderate,2024,1,Jan,2024-01,Wednesday,0,Peak,2023-24 (half),1
2024-01-18,Calm,2024,1,Jan,2024-01,Thursday,0,Peak,2023-24 (half),1
2024-01-19,Calm,2024,1,Jan,2024-01,Friday,0,Peak,2023-24 (half),1
2024-01-20,Calm,2024,1,Jan,2024-01,Saturday,1,Peak,2023-24 (half),1
2024-01-21,Calm,2024,1,Jan,2024-01,Sunday,1,Peak,2023-24 (half),1
2024-01-22,Moderate,2024,1,Jan,2024-01,Monday,0,Peak,2023-24 (half),1
2024-01-23,Rough,2024,1,Jan,2024-01,Tuesday,0,Peak,2023-24 (half),1
2024-01-24,Calm,2024,1,Jan,2024-01,Wednesday,0,Peak,2023-24 (half),1
2024-01-25,Calm,2024,1,Jan,2024-01,Thursday,0,Peak,2023-24 (half),1
2024-01-26,Calm,2024,1,Jan,2024-01,Friday,0,Peak,2023-24 (half),1
2024-01-27,Calm,2024,1,Jan,2024-01,Saturday,1,Peak,2023-24 (half),1
2024-01-28,Calm,2024,1,Jan,2024-01,Sunday,1,Peak,2023-24 (half),1
2024-01-29,Calm,2024,1,Jan,2024-01,Monday,0,Peak,2023-24 (half),1
2024-01-30,Calm,2024,1,Jan,2024-01,Tuesday,0,Peak,2023-24 (half),1
2024-01-31,Calm,2024,1,Jan,2024-01,Wednesday,0,Peak,2023-24 (half),1
2024-02-01,Calm,2024,2,Feb,2024-02,Thursday,0,Peak,2023-24 (half),1
2024-02-02,Calm,2024,2,Feb,2024-02,Friday,0,Peak,2023-24 (half),1
2024-02-03,Calm,2024,2,Feb,2024-02,Saturday,1,Peak,2023-24 (half),1
2024-02-04,Calm,2024,2,Feb,2024-02,Sunday,1,Peak,2023-24 (half),1
2024-02-05,Calm,2024,2,Feb,2024-02,Monday,0,Peak,2023-24 (half),1
2024-02-06,Moderate,2024,2,Feb,2024-02,Tuesday,0,Peak,2023-24 (half),1
2024-02-07,Calm,2024,2,Feb,2024-02,Wednesday,0,Peak,2023-24 (half),1
2024-02-08,Calm,2024,2,Feb,2024-02,Thursday,0,Peak,2023-24 (half),1
2024-02-09,Closed,2024,2,Feb,2024-02,Friday,0,Peak,2023-24 (half),1
2024-02-10,Calm,2024,2,Feb,2024-02,Saturday,1,Peak,2023-24 (half),1
2024-02-11,Moderate,2024,2,Feb,2024-02,Sunday,1,Peak,2023-24 (half),1
2024-02-12,Calm,2024,2,Feb,2024-02,Monday,0,Peak,2023-24 (half),1
2024-02-13,Calm,2024,2,Feb,2024-02,Tuesday,0,Peak,2023-24 (half),1
2024-02-14,Calm,2024,2,Feb,2024-02,Wednesday,0,Peak,2023-24 (half),1
2024-02-15,Calm,2024,2,Feb,2024-02,Thursday,0,Peak,2023-24 (half),1
2024-02-16,Calm,2024,2,Feb,2024-02,Friday,0,Peak,2023-24 (half),1
2024-02-17,Moderate,2024,2,Feb,2024-02,Saturday,1,Peak,2023-24 (half),1
2024-02-18,Moderate,2024,2,Feb,2024-02,Sunday,1,Peak,2023-24 (half),1
2024-02-19,Calm,2024,2,Feb,2024-02,Monday,0,Peak,2023-24 (half),1
2024-02-20,Calm,2024,2,Feb,2024-02,Tuesday,0,Peak,2023-24 (half),1
2024-02-21,Calm,2024,2,Feb,2024-02,Wednesday,0,Peak,2023-24 (half),1
2024-02-22,Calm,2024,2,Feb,2024-02,Thursday,0,Peak,2023-24 (half),1
2024-02-23,Calm,2024,2,Feb,2024-02,Friday,0,Peak,2023-24 (half),1
2024-02-24,Rough,2024,2,Feb,2024-02,Saturday,1,Peak,2023-24 (half),1
2024-02-25,Calm,2024,2,Feb,2024-02,Sunday,1,Peak,2023-24 (half),1
2024-02-26,Calm,2024,2,Feb,2024-02,Monday,0,Peak,2023-24 (half),1
2024-02-27,Calm,2024,2,Feb,2024-02,Tuesday,0,Peak,2023-24 (half),1
2024-02-28,Calm,2024,2,Feb,2024-02,Wednesday,0,Peak,2023-24 (half),1
2024-02-29,Calm,2024,2,Feb,2024-02,Thursday,0,Peak,2023-24 (half),1
2024-03-01,Moderate,2024,3,Mar,2024-03,Friday,0,Peak,2023-24 (half),1
2024-03-02,Calm,2024,3,Mar,2024-03,Saturday,1,Peak,2023-24 (half),1
2024-03-03,Closed,2024,3,Mar,2024-03,Sunday,1,Peak,2023-24 (half),1
2024-03-04,Rough,2024,3,Mar,2024-03,Monday,0,Peak,2023-24 (half),1
2024-03-05,Calm,2024,3,Mar,2024-03,Tuesday,0,Peak,2023-24 (half),1
2024-03-06,Moderate,2024,3,Mar,2024-03,Wednesday,0,Peak,2023-24 (half),1
2024-03-07,Calm,2024,3,Mar,2024-03,Thursday,0,Peak,2023-24 (half),1
2024-03-08,Calm,2024,3,Mar,2024-03,Friday,0,Peak,2023-24 (half),1
2024-03-09,Calm,2024,3,Mar,2024-03,Saturday,1,Peak,2023-24 (half),1
2024-03-10,Moderate,2024,3,Mar,2024-03,Sunday,1,Peak,2023-24 (half),1
2024-03-11,Moderate,2024,3,Mar,2024-03,Monday,0,Peak,2023-24 (half),1
2024-03-12,Calm,2024,3,Mar,2024-03,Tuesday,0,Peak,2023-24 (half),1
2024-03-13,Moderate,2024,3,Mar,2024-03,Wednesday,0,Peak,2023-24 (half),1
2024-03-14,Moderate,2024,3,Mar,2024-03,Thursday,0,Peak,2023-24 (half),1
2024-03-15,Calm,2024,3,Mar,2024-03,Friday,0,Peak,2023-24 (half),1
2024-03-16,Calm,2024,3,Mar,2024-03,Saturday,1,Peak,2023-24 (half),1
2024-03-17,Calm,2024,3,Mar,2024-03,Sunday,1,Peak,2023-24 (half),1
2024-03-18,Calm,2024,3,Mar,2024-03,Monday,0,Peak,2023-24 (half),1
2024-03-19,Calm,2024,3,Mar,2024-03,Tuesday,0,Peak,2023-24 (half),1
2024-03-20,Calm,2024,3,Mar,2024-03,Wednesday,0,Peak,2023-24 (half),1
2024-03-21,Calm,2024,3,Mar,2024-03,Thursday,0,Peak,2023-24 (half),1
2024-03-22,Moderate,2024,3,Mar,2024-03,Friday,0,Peak,2023-24 (half),1
2024-03-23,Calm,2024,3,Mar,2024-03,Saturday,1,Peak,2023-24 (half),1
2024-03-24,Calm,2024,3,Mar,2024-03,Sunday,1,Peak,2023-24 (half),1
2024-03-25,Rough,2024,3,Mar,2024-03,Monday,0,Peak,2023-24 (half),1
2024-03-26,Rough,2024,3,Mar,2024-03,Tuesday,0,Peak,2023-24 (half),1
2024-03-27,Calm,2024,3,Mar,2024-03,Wednesday,0,Peak,2023-24 (half),1
2024-03-28,Moderate,2024,3,Mar,2024-03,Thursday,0,Peak,2023-24 (half),1
2024-03-29,Moderate,2024,3,Mar,2024-03,Friday,0,Peak,2023-24 (half),1
2024-03-30,Calm,2024,3,Mar,2024-03,Saturday,1,Peak,2023-24 (half),1
2024-03-31,Calm,2024,3,Mar,2024-03,Sunday,1,Peak,2023-24 (half),1
2024-04-01,Calm,2024,4,Apr,2024-04,Monday,0,Shoulder,2023-24 (half),1
2024-04-02,Calm,2024,4,Apr,2024-04,Tuesday,0,Shoulder,2023-24 (half),1
2024-04-03,Moderate,2024,4,Apr,2024-04,Wednesday,0,Shoulder,2023-24 (half),1
2024-04-04,Moderate,2024,4,Apr,2024-04,Thursday,0,Shoulder,2023-24 (half),1
2024-04-05,Moderate,2024,4,Apr,2024-04,Friday,0,Shoulder,2023-24 (half),1
2024-04-06,Moderate,2024,4,Apr,2024-04,Saturday,1,Shoulder,2023-24 (half),1
2024-04-07,Moderate,2024,4,Apr,2024-04,Sunday,1,Shoulder,2023-24 (half),1
2024-04-08,Moderate,2024,4,Apr,2024-04,Monday,0,Shoulder,2023-24 (half),1
2024-04-09,Moderate,2024,4,Apr,2024-04,Tuesday,0,Shoulder,2023-24 (half),1
2024-04-10,Moderate,2024,4,Apr,2024-04,Wednesday,0,Shoulder,2023-24 (half),1
2024-04-11,Calm,2024,4,Apr,2024-04,Thursday,0,Shoulder,2023-24 (half),1
2024-04-12,Calm,2024,4,Apr,2024-04,Friday,0,Shoulder,2023-24 (half),1
2024-04-13,Calm,2024,4,Apr,2024-04,Saturday,1,Shoulder,2023-24 (half),1
2024-04-14,Calm,2024,4,Apr,2024-04,Sunday,1,Shoulder,2023-24 (half),1
2024-04-15,Rough,2024,4,Apr,2024-04,Monday,0,Shoulder,2023-24 (half),1
2024-04-16,Rough,2024,4,Apr,2024-04,Tuesday,0,Shoulder,2023-24 (half),1
2024-04-17,Rough,2024,4,Apr,2024-04,Wednesday,0,Shoulder,2023-24 (half),1
2024-04-18,Calm,2024,4,Apr,2024-04,Thursday,0,Shoulder,2023-24 (half),1
2024-04-19,Calm,2024,4,Apr,2024-04,Friday,0,Shoulder,2023-24 (half),1
2024-04-20,Moderate,2024,4,Apr,2024-04,Saturday,1,Shoulder,2023-24 (half),1
2024-04-21,Rough,2024,4,Apr,2024-04,Sunday,1,Shoulder,2023-24 (half),1
2024-04-22,Calm,2024,4,Apr,2024-04,Monday,0,Shoulder,2023-24 (half),1
2024-04-23,Calm,2024,4,Apr,2024-04,Tuesday,0,Shoulder,2023-24 (half),1
2024-04-24,Calm,2024,4,Apr,2024-04,Wednesday,0,Shoulder,2023-24 (half),1
2024-04-25,Moderate,2024,4,Apr,2024-04,Thursday,0,Shoulder,2023-24 (half),1
2024-04-26,Closed,2024,4,Apr,2024-04,Friday,0,Shoulder,2023-24 (half),1
2024-04-27,Closed,2024,4,Apr,2024-04,Saturday,1,Shoulder,2023-24 (half),1
2024-04-28,Calm,2024,4,Apr,2024-04,Sunday,1,Shoulder,2023-24 (half),1
2024-04-29,Calm,2024,4,Apr,2024-04,Monday,0,Shoulder,2023-24 (half),1
2024-04-30,Calm,2024,4,Apr,2024-04,Tuesday,0,Shoulder,2023-24 (half),1
2024-05-01,Calm,2024,5,May,2024-05,Wednesday,0,Shoulder,2023-24 (half),1
2024-05-02,Calm,2024,5,May,2024-05,Thursday,0,Shoulder,2023-24 (half),1
2024-05-03,Calm,2024,5,May,2024-05,Friday,0,Shoulder,2023-24 (half),1
2024-05-04,Moderate,2024,5,May,2024-05,Saturday,1,Shoulder,2023-24 (half),1
2024-05-05,Moderate,2024,5,May,2024-05,Sunday,1,Shoulder,2023-24 (half),1
2024-05-06,Moderate,2024,5,May,2024-05,Monday,0,Shoulder,2023-24 (half),1
2024-05-07,Rough,2024,5,May,2024-05,Tuesday,0,Shoulder,2023-24 (half),1
2024-05-08,Rough,2024,5,May,2024-05,Wednesday,0,Shoulder,2023-24 (half),1
2024-05-09,Calm,2024,5,May,2024-05,Thursday,0,Shoulder,2023-24 (half),1
2024-05-10,Calm,2024,5,May,2024-05,Friday,0,Shoulder,2023-24 (half),1
2024-05-11,Calm,2024,5,May,2024-05,Saturday,1,Shoulder,2023-24 (half),1
2024-05-12,Closed,2024,5,May,2024-05,Sunday,1,Shoulder,2023-24 (half),1
2024-05-13,Closed,2024,5,May,2024-05,Monday,0,Shoulder,2023-24 (half),1
2024-05-14,Moderate,2024,5,May,2024-05,Tuesday,0,Shoulder,2023-24 (half),1
2024-05-15,Closed,2024,5,May,2024-05,Wednesday,0,Shoulder,2023-24 (half),1
2024-05-16,Moderate,2024,5,May,2024-05,Thursday,0,Shoulder,2023-24 (half),1
2024-05-17,Calm,2024,5,May,2024-05,Friday,0,Shoulder,2023-24 (half),1
2024-05-18,Calm,2024,5,May,2024-05,Saturday,1,Shoulder,2023-24 (half),1
2024-05-19,Moderate,2024,5,May,2024-05,Sunday,1,Shoulder,2023-24 (half),1
2024-05-20,Moderate,2024,5,May,2024-05,Monday,0,Shoulder,2023-24 (half),1
2024-05-21,Moderate,2024,5,May,2024-05,Tuesday,0,Shoulder,2023-24 (half),1
2024-05-22,Moderate,2024,5,May,2024-05,Wednesday,0,Shoulder,2023-24 (half),1
2024-05-23,Calm,2024,5,May,2024-05,Thursday,0,Shoulder,2023-24 (half),1
2024-05-24,Calm,2024,5,May,2024-05,Friday,0,Shoulder,2023-24 (half),1
2024-05-25,Calm,2024,5,May,2024-05,Saturday,1,Shoulder,2023-24 (half),1
2024-05-26,Moderate,2024,5,May,2024-05,Sunday,1,Shoulder,2023-24 (half),1
2024-05-27,Moderate,2024,5,May,2024-05,Monday,0,Shoulder,2023-24 (half),1
2024-05-28,Moderate,2024,5,May,2024-05,Tuesday,0,Shoulder,2023-24 (half),1
2024-05-29,Calm,2024,5,May,2024-05,Wednesday,0,Shoulder,2023-24 (half),1
2024-05-30,Moderate,2024,5,May,2024-05,Thursday,0,Shoulder,2023-24 (half),1
2024-05-31,Moderate,2024,5,May,2024-05,Friday,0,Shoulder,2023-24 (half),1
2024-06-01,Closed,2024,6,Jun,2024-06,Saturday,1,Monsoon-Closed,2024-25,0
2024-06-02,Closed,2024,6,Jun,2024-06,Sunday,1,Monsoon-Closed,2024-25,0
2024-06-03,Rough,2024,6,Jun,2024-06,Monday,0,Monsoon-Closed,2024-25,0
2024-06-04,Closed,2024,6,Jun,2024-06,Tuesday,0,Monsoon-Closed,2024-25,0
2024-06-05,Closed,2024,6,Jun,2024-06,Wednesday,0,Monsoon-Closed,2024-25,0
2024-06-06,Closed,2024,6,Jun,2024-06,Thursday,0,Monsoon-Closed,2024-25,0
2024-06-07,Moderate,2024,6,Jun,2024-06,Friday,0,Monsoon-Closed,2024-25,0
2024-06-08,Closed,2024,6,Jun,2024-06,Saturday,1,Monsoon-Closed,2024-25,0
2024-06-09,Moderate,2024,6,Jun,2024-06,Sunday,1,Monsoon-Closed,2024-25,0
2024-06-10,Moderate,2024,6,Jun,2024-06,Monday,0,Monsoon-Closed,2024-25,0
2024-06-11,Moderate,2024,6,Jun,2024-06,Tuesday,0,Monsoon-Closed,2024-25,0
2024-06-12,Closed,2024,6,Jun,2024-06,Wednesday,0,Monsoon-Closed,2024-25,0
2024-06-13,Closed,2024,6,Jun,2024-06,Thursday,0,Monsoon-Closed,2024-25,0
2024-06-14,Closed,2024,6,Jun,2024-06,Friday,0,Monsoon-Closed,2024-25,0
2024-06-15,Closed,2024,6,Jun,2024-06,Saturday,1,Monsoon-Closed,2024-25,0
2024-06-16,Closed,2024,6,Jun,2024-06,Sunday,1,Monsoon-Closed,2024-25,0
2024-06-17,Calm,2024,6,Jun,2024-06,Monday,0,Monsoon-Closed,2024-25,0
2024-06-18,Rough,2024,6,Jun,2024-06,Tuesday,0,Monsoon-Closed,2024-25,0
2024-06-19,Closed,2024,6,Jun,2024-06,Wednesday,0,Monsoon-Closed,2024-25,0
2024-06-20,Closed,2024,6,Jun,2024-06,Thursday,0,Monsoon-Closed,2024-25,0
2024-06-21,Closed,2024,6,Jun,2024-06,Friday,0,Monsoon-Closed,2024-25,0
2024-06-22,Closed,2024,6,Jun,2024-06,Saturday,1,Monsoon-Closed,2024-25,0
2024-06-23,Rough,2024,6,Jun,2024-06,Sunday,1,Monsoon-Closed,2024-25,0
2024-06-24,Closed,2024,6,Jun,2024-06,Monday,0,Monsoon-Closed,2024-25,0
2024-06-25,Closed,2024,6,Jun,2024-06,Tuesday,0,Monsoon-Closed,2024-25,0
2024-06-26,Rough,2024,6,Jun,2024-06,Wednesday,0,Monsoon-Closed,2024-25,0
2024-06-27,Closed,2024,6,Jun,2024-06,Thursday,0,Monsoon-Closed,2024-25,0
2024-06-28,Moderate,2024,6,Jun,2024-06,Friday,0,Monsoon-Closed,2024-25,0
2024-06-29,Rough,2024,6,Jun,2024-06,Saturday,1,Monsoon-Closed,2024-25,0
2024-06-30,Rough,2024,6,Jun,2024-06,Sunday,1,Monsoon-Closed,2024-25,0
2024-07-01,Closed,2024,7,Jul,2024-07,Monday,0,Monsoon-Closed,2024-25,0
2024-07-02,Closed,2024,7,Jul,2024-07,Tuesday,0,Monsoon-Closed,2024-25,0
2024-07-03,Closed,2024,7,Jul,2024-07,Wednesday,0,Monsoon-Closed,2024-25,0
2024-07-04,Calm,2024,7,Jul,2024-07,Thursday,0,Monsoon-Closed,2024-25,0
2024-07-05,Calm,2024,7,Jul,2024-07,Friday,0,Monsoon-Closed,2024-25,0
2024-07-06,Closed,2024,7,Jul,2024-07,Saturday,1,Monsoon-Closed,2024-25,0
2024-07-07,Closed,2024,7,Jul,2024-07,Sunday,1,Monsoon-Closed,2024-25,0
2024-07-08,Rough,2024,7,Jul,2024-07,Monday,0,Monsoon-Closed,2024-25,0
2024-07-09,Rough,2024,7,Jul,2024-07,Tuesday,0,Monsoon-Closed,2024-25,0
2024-07-10,Rough,2024,7,Jul,2024-07,Wednesday,0,Monsoon-Closed,2024-25,0
2024-07-11,Closed,2024,7,Jul,2024-07,Thursday,0,Monsoon-Closed,2024-25,0
2024-07-12,Closed,2024,7,Jul,2024-07,Friday,0,Monsoon-Closed,2024-25,0
2024-07-13,Closed,2024,7,Jul,2024-07,Saturday,1,Monsoon-Closed,2024-25,0
2024-07-14,Closed,2024,7,Jul,2024-07,Sunday,1,Monsoon-Closed,2024-25,0
2024-07-15,Closed,2024,7,Jul,2024-07,Monday,0,Monsoon-Closed,2024-25,0
2024-07-16,Closed,2024,7,Jul,2024-07,Tuesday,0,Monsoon-Closed,2024-25,0
2024-07-17,Closed,2024,7,Jul,2024-07,Wednesday,0,Monsoon-Closed,2024-25,0
2024-07-18,Closed,2024,7,Jul,2024-07,Thursday,0,Monsoon-Closed,2024-25,0
2024-07-19,Closed,2024,7,Jul,2024-07,Friday,0,Monsoon-Closed,2024-25,0
2024-07-20,Closed,2024,7,Jul,2024-07,Saturday,1,Monsoon-Closed,2024-25,0
2024-07-21,Moderate,2024,7,Jul,2024-07,Sunday,1,Monsoon-Closed,2024-25,0
2024-07-22,Rough,2024,7,Jul,2024-07,Monday,0,Monsoon-Closed,2024-25,0
2024-07-23,Closed,2024,7,Jul,2024-07,Tuesday,0,Monsoon-Closed,2024-25,0
2024-07-24,Closed,2024,7,Jul,2024-07,Wednesday,0,Monsoon-Closed,2024-25,0
2024-07-25,Closed,2024,7,Jul,2024-07,Thursday,0,Monsoon-Closed,2024-25,0
2024-07-26,Rough,2024,7,Jul,2024-07,Friday,0,Monsoon-Closed,2024-25,0
2024-07-27,Closed,2024,7,Jul,2024-07,Saturday,1,Monsoon-Closed,2024-25,0
2024-07-28,Closed,2024,7,Jul,2024-07,Sunday,1,Monsoon-Closed,2024-25,0
2024-07-29,Closed,2024,7,Jul,2024-07,Monday,0,Monsoon-Closed,2024-25,0
2024-07-30,Closed,2024,7,Jul,2024-07,Tuesday,0,Monsoon-Closed,2024-25,0
2024-07-31,Rough,2024,7,Jul,2024-07,Wednesday,0,Monsoon-Closed,2024-25,0
2024-08-01,Rough,2024,8,Aug,2024-08,Thursday,0,Monsoon-Closed,2024-25,0
2024-08-02,Rough,2024,8,Aug,2024-08,Friday,0,Monsoon-Closed,2024-25,0
2024-08-03,Rough,2024,8,Aug,2024-08,Saturday,1,Monsoon-Closed,2024-25,0
2024-08-04,Closed,2024,8,Aug,2024-08,Sunday,1,Monsoon-Closed,2024-25,0
2024-08-05,Closed,2024,8,Aug,2024-08,Monday,0,Monsoon-Closed,2024-25,0
2024-08-06,Closed,2024,8,Aug,2024-08,Tuesday,0,Monsoon-Closed,2024-25,0
2024-08-07,Closed,2024,8,Aug,2024-08,Wednesday,0,Monsoon-Closed,2024-25,0
2024-08-08,Rough,2024,8,Aug,2024-08,Thursday,0,Monsoon-Closed,2024-25,0
2024-08-09,Rough,2024,8,Aug,2024-08,Friday,0,Monsoon-Closed,2024-25,0
2024-08-10,Rough,2024,8,Aug,2024-08,Saturday,1,Monsoon-Closed,2024-25,0
2024-08-11,Rough,2024,8,Aug,2024-08,Sunday,1,Monsoon-Closed,2024-25,0
2024-08-12,Closed,2024,8,Aug,2024-08,Monday,0,Monsoon-Closed,2024-25,0
2024-08-13,Closed,2024,8,Aug,2024-08,Tuesday,0,Monsoon-Closed,2024-25,0
2024-08-14,Closed,2024,8,Aug,2024-08,Wednesday,0,Monsoon-Closed,2024-25,0
2024-08-15,Closed,2024,8,Aug,2024-08,Thursday,0,Monsoon-Closed,2024-25,0
2024-08-16,Closed,2024,8,Aug,2024-08,Friday,0,Monsoon-Closed,2024-25,0
2024-08-17,Calm,2024,8,Aug,2024-08,Saturday,1,Monsoon-Closed,2024-25,0
2024-08-18,Closed,2024,8,Aug,2024-08,Sunday,1,Monsoon-Closed,2024-25,0
2024-08-19,Closed,2024,8,Aug,2024-08,Monday,0,Monsoon-Closed,2024-25,0
2024-08-20,Closed,2024,8,Aug,2024-08,Tuesday,0,Monsoon-Closed,2024-25,0
2024-08-21,Closed,2024,8,Aug,2024-08,Wednesday,0,Monsoon-Closed,2024-25,0
2024-08-22,Rough,2024,8,Aug,2024-08,Thursday,0,Monsoon-Closed,2024-25,0
2024-08-23,Rough,2024,8,Aug,2024-08,Friday,0,Monsoon-Closed,2024-25,0
2024-08-24,Closed,2024,8,Aug,2024-08,Saturday,1,Monsoon-Closed,2024-25,0
2024-08-25,Closed,2024,8,Aug,2024-08,Sunday,1,Monsoon-Closed,2024-25,0
2024-08-26,Closed,2024,8,Aug,2024-08,Monday,0,Monsoon-Closed,2024-25,0
2024-08-27,Closed,2024,8,Aug,2024-08,Tuesday,0,Monsoon-Closed,2024-25,0
2024-08-28,Closed,2024,8,Aug,2024-08,Wednesday,0,Monsoon-Closed,2024-25,0
2024-08-29,Closed,2024,8,Aug,2024-08,Thursday,0,Monsoon-Closed,2024-25,0
2024-08-30,Closed,2024,8,Aug,2024-08,Friday,0,Monsoon-Closed,2024-25,0
2024-08-31,Closed,2024,8,Aug,2024-08,Saturday,1,Monsoon-Closed,2024-25,0
2024-09-01,Rough,2024,9,Sep,2024-09,Sunday,1,Monsoon-Closed,2024-25,0
2024-09-02,Calm,2024,9,Sep,2024-09,Monday,0,Monsoon-Closed,2024-25,0
2024-09-03,Calm,2024,9,Sep,2024-09,Tuesday,0,Monsoon-Closed,2024-25,0
2024-09-04,Closed,2024,9,Sep,2024-09,Wednesday,0,Monsoon-Closed,2024-25,0
2024-09-05,Closed,2024,9,Sep,2024-09,Thursday,0,Monsoon-Closed,2024-25,0
2024-09-06,Rough,2024,9,Sep,2024-09,Friday,0,Monsoon-Closed,2024-25,0
2024-09-07,Closed,2024,9,Sep,2024-09,Saturday,1,Monsoon-Closed,2024-25,0
2024-09-08,Rough,2024,9,Sep,2024-09,Sunday,1,Monsoon-Closed,2024-25,0
2024-09-09,Rough,2024,9,Sep,2024-09,Monday,0,Monsoon-Closed,2024-25,0
2024-09-10,Closed,2024,9,Sep,2024-09,Tuesday,0,Monsoon-Closed,2024-25,0
2024-09-11,Closed,2024,9,Sep,2024-09,Wednesday,0,Monsoon-Closed,2024-25,0
2024-09-12,Closed,2024,9,Sep,2024-09,Thursday,0,Monsoon-Closed,2024-25,0
2024-09-13,Rough,2024,9,Sep,2024-09,Friday,0,Monsoon-Closed,2024-25,0
2024-09-14,Rough,2024,9,Sep,2024-09,Saturday,1,Monsoon-Closed,2024-25,0
2024-09-15,Rough,2024,9,Sep,2024-09,Sunday,1,Monsoon-Closed,2024-25,0
2024-09-16,Rough,2024,9,Sep,2024-09,Monday,0,Monsoon-Closed,2024-25,0
2024-09-17,Closed,2024,9,Sep,2024-09,Tuesday,0,Monsoon-Closed,2024-25,0
2024-09-18,Closed,2024,9,Sep,2024-09,Wednesday,0,Monsoon-Closed,2024-25,0
2024-09-19,Closed,2024,9,Sep,2024-09,Thursday,0,Monsoon-Closed,2024-25,0
2024-09-20,Closed,2024,9,Sep,2024-09,Friday,0,Monsoon-Closed,2024-25,0
2024-09-21,Closed,2024,9,Sep,2024-09,Saturday,1,Monsoon-Closed,2024-25,0
2024-09-22,Closed,2024,9,Sep,2024-09,Sunday,1,Monsoon-Closed,2024-25,0
2024-09-23,Calm,2024,9,Sep,2024-09,Monday,0,Monsoon-Closed,2024-25,0
2024-09-24,Closed,2024,9,Sep,2024-09,Tuesday,0,Monsoon-Closed,2024-25,0
2024-09-25,Closed,2024,9,Sep,2024-09,Wednesday,0,Monsoon-Closed,2024-25,0
2024-09-26,Rough,2024,9,Sep,2024-09,Thursday,0,Monsoon-Closed,2024-25,0
2024-09-27,Closed,2024,9,Sep,2024-09,Friday,0,Monsoon-Closed,2024-25,0
2024-09-28,Closed,2024,9,Sep,2024-09,Saturday,1,Monsoon-Closed,2024-25,0
2024-09-29,Closed,2024,9,Sep,2024-09,Sunday,1,Monsoon-Closed,2024-25,0
2024-09-30,Closed,2024,9,Sep,2024-09,Monday,0,Monsoon-Closed,2024-25,0
2024-10-01,Moderate,2024,10,Oct,2024-10,Tuesday,0,Shoulder,2024-25,0
2024-10-02,Moderate,2024,10,Oct,2024-10,Wednesday,0,Shoulder,2024-25,0
2024-10-03,Rough,2024,10,Oct,2024-10,Thursday,0,Shoulder,2024-25,0
2024-10-04,Moderate,2024,10,Oct,2024-10,Friday,0,Shoulder,2024-25,0
2024-10-05,Rough,2024,10,Oct,2024-10,Saturday,1,Shoulder,2024-25,0
2024-10-06,Rough,2024,10,Oct,2024-10,Sunday,1,Shoulder,2024-25,0
2024-10-07,Moderate,2024,10,Oct,2024-10,Monday,0,Shoulder,2024-25,0
2024-10-08,Moderate,2024,10,Oct,2024-10,Tuesday,0,Shoulder,2024-25,0
2024-10-09,Moderate,2024,10,Oct,2024-10,Wednesday,0,Shoulder,2024-25,0
2024-10-10,Moderate,2024,10,Oct,2024-10,Thursday,0,Shoulder,2024-25,0
2024-10-11,Moderate,2024,10,Oct,2024-10,Friday,0,Shoulder,2024-25,0
2024-10-12,Moderate,2024,10,Oct,2024-10,Saturday,1,Shoulder,2024-25,0
2024-10-13,Moderate,2024,10,Oct,2024-10,Sunday,1,Shoulder,2024-25,0
2024-10-14,Moderate,2024,10,Oct,2024-10,Monday,0,Shoulder,2024-25,0
2024-10-15,Moderate,2024,10,Oct,2024-10,Tuesday,0,Shoulder,2024-25,0
2024-10-16,Moderate,2024,10,Oct,2024-10,Wednesday,0,Shoulder,2024-25,0
2024-10-17,Calm,2024,10,Oct,2024-10,Thursday,0,Shoulder,2024-25,0
2024-10-18,Calm,2024,10,Oct,2024-10,Friday,0,Shoulder,2024-25,0
2024-10-19,Moderate,2024,10,Oct,2024-10,Saturday,1,Shoulder,2024-25,0
2024-10-20,Moderate,2024,10,Oct,2024-10,Sunday,1,Shoulder,2024-25,0
2024-10-21,Moderate,2024,10,Oct,2024-10,Monday,0,Shoulder,2024-25,0
2024-10-22,Calm,2024,10,Oct,2024-10,Tuesday,0,Shoulder,2024-25,0
2024-10-23,Rough,2024,10,Oct,2024-10,Wednesday,0,Shoulder,2024-25,0
2024-10-24,Moderate,2024,10,Oct,2024-10,Thursday,0,Shoulder,2024-25,0
2024-10-25,Moderate,2024,10,Oct,2024-10,Friday,0,Shoulder,2024-25,0
2024-10-26,Calm,2024,10,Oct,2024-10,Saturday,1,Shoulder,2024-25,0
2024-10-27,Moderate,2024,10,Oct,2024-10,Sunday,1,Shoulder,2024-25,0
2024-10-28,Closed,2024,10,Oct,2024-10,Monday,0,Shoulder,2024-25,0
2024-10-29,Moderate,2024,10,Oct,2024-10,Tuesday,0,Shoulder,2024-25,0
2024-10-30,Moderate,2024,10,Oct,2024-10,Wednesday,0,Shoulder,2024-25,0
2024-10-31,Moderate,2024,10,Oct,2024-10,Thursday,0,Shoulder,2024-25,0
2024-11-01,Moderate,2024,11,Nov,2024-11,Friday,0,Shoulder,2024-25,0
2024-11-02,Calm,2024,11,Nov,2024-11,Saturday,1,Shoulder,2024-25,0
2024-11-03,Calm,2024,11,Nov,2024-11,Sunday,1,Shoulder,2024-25,0
2024-11-04,Calm,2024,11,Nov,2024-11,Monday,0,Shoulder,2024-25,0
2024-11-05,Calm,2024,11,Nov,2024-11,Tuesday,0,Shoulder,2024-25,0
2024-11-06,Calm,2024,11,Nov,2024-11,Wednesday,0,Shoulder,2024-25,0
2024-11-07,Calm,2024,11,Nov,2024-11,Thursday,0,Shoulder,2024-25,0
2024-11-08,Moderate,2024,11,Nov,2024-11,Friday,0,Shoulder,2024-25,0
2024-11-09,Moderate,2024,11,Nov,2024-11,Saturday,1,Shoulder,2024-25,0
2024-11-10,Calm,2024,11,Nov,2024-11,Sunday,1,Shoulder,2024-25,0
2024-11-11,Calm,2024,11,Nov,2024-11,Monday,0,Shoulder,2024-25,0
2024-11-12,Calm,2024,11,Nov,2024-11,Tuesday,0,Shoulder,2024-25,0
2024-11-13,Calm,2024,11,Nov,2024-11,Wednesday,0,Shoulder,2024-25,0
2024-11-14,Calm,2024,11,Nov,2024-11,Thursday,0,Shoulder,2024-25,0
2024-11-15,Rough,2024,11,Nov,2024-11,Friday,0,Shoulder,2024-25,0
2024-11-16,Rough,2024,11,Nov,2024-11,Saturday,1,Shoulder,2024-25,0
2024-11-17,Rough,2024,11,Nov,2024-11,Sunday,1,Shoulder,2024-25,0
2024-11-18,Rough,2024,11,Nov,2024-11,Monday,0,Shoulder,2024-25,0
2024-11-19,Closed,2024,11,Nov,2024-11,Tuesday,0,Shoulder,2024-25,0
2024-11-20,Closed,2024,11,Nov,2024-11,Wednesday,0,Shoulder,2024-25,0
2024-11-21,Rough,2024,11,Nov,2024-11,Thursday,0,Shoulder,2024-25,0
2024-11-22,Moderate,2024,11,Nov,2024-11,Friday,0,Shoulder,2024-25,0
2024-11-23,Calm,2024,11,Nov,2024-11,Saturday,1,Shoulder,2024-25,0
2024-11-24,Calm,2024,11,Nov,2024-11,Sunday,1,Shoulder,2024-25,0
2024-11-25,Calm,2024,11,Nov,2024-11,Monday,0,Shoulder,2024-25,0
2024-11-26,Calm,2024,11,Nov,2024-11,Tuesday,0,Shoulder,2024-25,0
2024-11-27,Moderate,2024,11,Nov,2024-11,Wednesday,0,Shoulder,2024-25,0
2024-11-28,Moderate,2024,11,Nov,2024-11,Thursday,0,Shoulder,2024-25,0
2024-11-29,Moderate,2024,11,Nov,2024-11,Friday,0,Shoulder,2024-25,0
2024-11-30,Moderate,2024,11,Nov,2024-11,Saturday,1,Shoulder,2024-25,0
2024-12-01,Moderate,2024,12,Dec,2024-12,Sunday,1,Peak,2024-25,0
2024-12-02,Moderate,2024,12,Dec,2024-12,Monday,0,Peak,2024-25,0
2024-12-03,Rough,2024,12,Dec,2024-12,Tuesday,0,Peak,2024-25,0
2024-12-04,Rough,2024,12,Dec,2024-12,Wednesday,0,Peak,2024-25,0
2024-12-05,Rough,2024,12,Dec,2024-12,Thursday,0,Peak,2024-25,0
2024-12-06,Rough,2024,12,Dec,2024-12,Friday,0,Peak,2024-25,0
2024-12-07,Rough,2024,12,Dec,2024-12,Saturday,1,Peak,2024-25,0
2024-12-08,Moderate,2024,12,Dec,2024-12,Sunday,1,Peak,2024-25,0
2024-12-09,Moderate,2024,12,Dec,2024-12,Monday,0,Peak,2024-25,0
2024-12-10,Moderate,2024,12,Dec,2024-12,Tuesday,0,Peak,2024-25,0
2024-12-11,Moderate,2024,12,Dec,2024-12,Wednesday,0,Peak,2024-25,0
2024-12-12,Moderate,2024,12,Dec,2024-12,Thursday,0,Peak,2024-25,0
2024-12-13,Calm,2024,12,Dec,2024-12,Friday,0,Peak,2024-25,0
2024-12-14,Moderate,2024,12,Dec,2024-12,Saturday,1,Peak,2024-25,0
2024-12-15,Moderate,2024,12,Dec,2024-12,Sunday,1,Peak,2024-25,0
2024-12-16,Calm,2024,12,Dec,2024-12,Monday,0,Peak,2024-25,0
2024-12-17,Calm,2024,12,Dec,2024-12,Tuesday,0,Peak,2024-25,0
2024-12-18,Moderate,2024,12,Dec,2024-12,Wednesday,0,Peak,2024-25,0
2024-12-19,Moderate,2024,12,Dec,2024-12,Thursday,0,Peak,2024-25,0
2024-12-20,Moderate,2024,12,Dec,2024-12,Friday,0,Peak,2024-25,0
2024-12-21,Moderate,2024,12,Dec,2024-12,Saturday,1,Peak,2024-25,0
2024-12-22,Moderate,2024,12,Dec,2024-12,Sunday,1,Peak,2024-25,0
2024-12-23,Calm,2024,12,Dec,2024-12,Monday,0,Peak,2024-25,0
2024-12-24,Calm,2024,12,Dec,2024-12,Tuesday,0,Peak,2024-25,0
2024-12-25,Calm,2024,12,Dec,2024-12,Wednesday,0,Peak,2024-25,0
2024-12-26,Calm,2024,12,Dec,2024-12,Thursday,0,Peak,2024-25,0
2024-12-27,Moderate,2024,12,Dec,2024-12,Friday,0,Peak,2024-25,0
2024-12-28,Moderate,2024,12,Dec,2024-12,Saturday,1,Peak,2024-25,0
2024-12-29,Calm,2024,12,Dec,2024-12,Sunday,1,Peak,2024-25,0
2024-12-30,Calm,2024,12,Dec,2024-12,Monday,0,Peak,2024-25,0
2024-12-31,Calm,2024,12,Dec,2024-12,Tuesday,0,Peak,2024-25,0
2025-01-01,Calm,2025,1,Jan,2025-01,Wednesday,0,Peak,2024-25,0
2025-01-02,Calm,2025,1,Jan,2025-01,Thursday,0,Peak,2024-25,0
2025-01-03,Calm,2025,1,Jan,2025-01,Friday,0,Peak,2024-25,0
2025-01-04,Moderate,2025,1,Jan,2025-01,Saturday,1,Peak,2024-25,0
2025-01-05,Moderate,2025,1,Jan,2025-01,Sunday,1,Peak,2024-25,0
2025-01-06,Moderate,2025,1,Jan,2025-01,Monday,0,Peak,2024-25,0
2025-01-07,Calm,2025,1,Jan,2025-01,Tuesday,0,Peak,2024-25,0
2025-01-08,Calm,2025,1,Jan,2025-01,Wednesday,0,Peak,2024-25,0
2025-01-09,Moderate,2025,1,Jan,2025-01,Thursday,0,Peak,2024-25,0
2025-01-10,Calm,2025,1,Jan,2025-01,Friday,0,Peak,2024-25,0
2025-01-11,Calm,2025,1,Jan,2025-01,Saturday,1,Peak,2024-25,0
2025-01-12,Calm,2025,1,Jan,2025-01,Sunday,1,Peak,2024-25,0
2025-01-13,Calm,2025,1,Jan,2025-01,Monday,0,Peak,2024-25,0
2025-01-14,Calm,2025,1,Jan,2025-01,Tuesday,0,Peak,2024-25,0
2025-01-15,Calm,2025,1,Jan,2025-01,Wednesday,0,Peak,2024-25,0
2025-01-16,Calm,2025,1,Jan,2025-01,Thursday,0,Peak,2024-25,0
2025-01-17,Calm,2025,1,Jan,2025-01,Friday,0,Peak,2024-25,0
2025-01-18,Calm,2025,1,Jan,2025-01,Saturday,1,Peak,2024-25,0
2025-01-19,Calm,2025,1,Jan,2025-01,Sunday,1,Peak,2024-25,0
2025-01-20,Calm,2025,1,Jan,2025-01,Monday,0,Peak,2024-25,0
2025-01-21,Calm,2025,1,Jan,2025-01,Tuesday,0,Peak,2024-25,0
2025-01-22,Moderate,2025,1,Jan,2025-01,Wednesday,0,Peak,2024-25,0
2025-01-23,Moderate,2025,1,Jan,2025-01,Thursday,0,Peak,2024-25,0
2025-01-24,Moderate,2025,1,Jan,2025-01,Friday,0,Peak,2024-25,0
2025-01-25,Moderate,2025,1,Jan,2025-01,Saturday,1,Peak,2024-25,0
2025-01-26,Calm,2025,1,Jan,2025-01,Sunday,1,Peak,2024-25,0
2025-01-27,Calm,2025,1,Jan,2025-01,Monday,0,Peak,2024-25,0
2025-01-28,Calm,2025,1,Jan,2025-01,Tuesday,0,Peak,2024-25,0
2025-01-29,Calm,2025,1,Jan,2025-01,Wednesday,0,Peak,2024-25,0
2025-01-30,Calm,2025,1,Jan,2025-01,Thursday,0,Peak,2024-25,0
2025-01-31,Calm,2025,1,Jan,2025-01,Friday,0,Peak,2024-25,0
2025-02-01,Calm,2025,2,Feb,2025-02,Saturday,1,Peak,2024-25,0
2025-02-02,Calm,2025,2,Feb,2025-02,Sunday,1,Peak,2024-25,0
2025-02-03,Calm,2025,2,Feb,2025-02,Monday,0,Peak,2024-25,0
2025-02-04,Calm,2025,2,Feb,2025-02,Tuesday,0,Peak,2024-25,0
2025-02-05,Calm,2025,2,Feb,2025-02,Wednesday,0,Peak,2024-25,0
2025-02-06,Calm,2025,2,Feb,2025-02,Thursday,0,Peak,2024-25,0
2025-02-07,Calm,2025,2,Feb,2025-02,Friday,0,Peak,2024-25,0
2025-02-08,Calm,2025,2,Feb,2025-02,Saturday,1,Peak,2024-25,0
2025-02-09,Calm,2025,2,Feb,2025-02,Sunday,1,Peak,2024-25,0
2025-02-10,Calm,2025,2,Feb,2025-02,Monday,0,Peak,2024-25,0
2025-02-11,Calm,2025,2,Feb,2025-02,Tuesday,0,Peak,2024-25,0
2025-02-12,Calm,2025,2,Feb,2025-02,Wednesday,0,Peak,2024-25,0
2025-02-13,Calm,2025,2,Feb,2025-02,Thursday,0,Peak,2024-25,0
2025-02-14,Calm,2025,2,Feb,2025-02,Friday,0,Peak,2024-25,0
2025-02-15,Calm,2025,2,Feb,2025-02,Saturday,1,Peak,2024-25,0
2025-02-16,Calm,2025,2,Feb,2025-02,Sunday,1,Peak,2024-25,0
2025-02-17,Calm,2025,2,Feb,2025-02,Monday,0,Peak,2024-25,0
2025-02-18,Calm,2025,2,Feb,2025-02,Tuesday,0,Peak,2024-25,0
2025-02-19,Calm,2025,2,Feb,2025-02,Wednesday,0,Peak,2024-25,0
2025-02-20,Moderate,2025,2,Feb,2025-02,Thursday,0,Peak,2024-25,0
2025-02-21,Calm,2025,2,Feb,2025-02,Friday,0,Peak,2024-25,0
2025-02-22,Calm,2025,2,Feb,2025-02,Saturday,1,Peak,2024-25,0
2025-02-23,Rough,2025,2,Feb,2025-02,Sunday,1,Peak,2024-25,0
2025-02-24,Rough,2025,2,Feb,2025-02,Monday,0,Peak,2024-25,0
2025-02-25,Rough,2025,2,Feb,2025-02,Tuesday,0,Peak,2024-25,0
2025-02-26,Calm,2025,2,Feb,2025-02,Wednesday,0,Peak,2024-25,0
2025-02-27,Calm,2025,2,Feb,2025-02,Thursday,0,Peak,2024-25,0
2025-02-28,Calm,2025,2,Feb,2025-02,Friday,0,Peak,2024-25,0
2025-03-01,Calm,2025,3,Mar,2025-03,Saturday,1,Peak,2024-25,0
2025-03-02,Calm,2025,3,Mar,2025-03,Sunday,1,Peak,2024-25,0
2025-03-03,Calm,2025,3,Mar,2025-03,Monday,0,Peak,2024-25,0
2025-03-04,Calm,2025,3,Mar,2025-03,Tuesday,0,Peak,2024-25,0
2025-03-05,Moderate,2025,3,Mar,2025-03,Wednesday,0,Peak,2024-25,0
2025-03-06,Moderate,2025,3,Mar,2025-03,Thursday,0,Peak,2024-25,0
2025-03-07,Moderate,2025,3,Mar,2025-03,Friday,0,Peak,2024-25,0
2025-03-08,Moderate,2025,3,Mar,2025-03,Saturday,1,Peak,2024-25,0
2025-03-09,Calm,2025,3,Mar,2025-03,Sunday,1,Peak,2024-25,0
2025-03-10,Moderate,2025,3,Mar,2025-03,Monday,0,Peak,2024-25,0
2025-03-11,Moderate,2025,3,Mar,2025-03,Tuesday,0,Peak,2024-25,0
2025-03-12,Moderate,2025,3,Mar,2025-03,Wednesday,0,Peak,2024-25,0
2025-03-13,Moderate,2025,3,Mar,2025-03,Thursday,0,Peak,2024-25,0
2025-03-14,Moderate,2025,3,Mar,2025-03,Friday,0,Peak,2024-25,0
2025-03-15,Calm,2025,3,Mar,2025-03,Saturday,1,Peak,2024-25,0
2025-03-16,Calm,2025,3,Mar,2025-03,Sunday,1,Peak,2024-25,0
2025-03-17,Calm,2025,3,Mar,2025-03,Monday,0,Peak,2024-25,0
2025-03-18,Moderate,2025,3,Mar,2025-03,Tuesday,0,Peak,2024-25,0
2025-03-19,Calm,2025,3,Mar,2025-03,Wednesday,0,Peak,2024-25,0
2025-03-20,Calm,2025,3,Mar,2025-03,Thursday,0,Peak,2024-25,0
2025-03-21,Calm,2025,3,Mar,2025-03,Friday,0,Peak,2024-25,0
2025-03-22,Calm,2025,3,Mar,2025-03,Saturday,1,Peak,2024-25,0
2025-03-23,Calm,2025,3,Mar,2025-03,Sunday,1,Peak,2024-25,0
2025-03-24,Calm,2025,3,Mar,2025-03,Monday,0,Peak,2024-25,0
2025-03-25,Moderate,2025,3,Mar,2025-03,Tuesday,0,Peak,2024-25,0
2025-03-26,Rough,2025,3,Mar,2025-03,Wednesday,0,Peak,2024-25,0
2025-03-27,Moderate,2025,3,Mar,2025-03,Thursday,0,Peak,2024-25,0
2025-03-28,Moderate,2025,3,Mar,2025-03,Friday,0,Peak,2024-25,0
2025-03-29,Moderate,2025,3,Mar,2025-03,Saturday,1,Peak,2024-25,0
2025-03-30,Calm,2025,3,Mar,2025-03,Sunday,1,Peak,2024-25,0
2025-03-31,Rough,2025,3,Mar,2025-03,Monday,0,Peak,2024-25,0
2025-04-01,Rough,2025,4,Apr,2025-04,Tuesday,0,Shoulder,2024-25,0
2025-04-02,Moderate,2025,4,Apr,2025-04,Wednesday,0,Shoulder,2024-25,0
2025-04-03,Calm,2025,4,Apr,2025-04,Thursday,0,Shoulder,2024-25,0
2025-04-04,Calm,2025,4,Apr,2025-04,Friday,0,Shoulder,2024-25,0
2025-04-05,Calm,2025,4,Apr,2025-04,Saturday,1,Shoulder,2024-25,0
2025-04-06,Rough,2025,4,Apr,2025-04,Sunday,1,Shoulder,2024-25,0
2025-04-07,Rough,2025,4,Apr,2025-04,Monday,0,Shoulder,2024-25,0
2025-04-08,Calm,2025,4,Apr,2025-04,Tuesday,0,Shoulder,2024-25,0
2025-04-09,Rough,2025,4,Apr,2025-04,Wednesday,0,Shoulder,2024-25,0
2025-04-10,Moderate,2025,4,Apr,2025-04,Thursday,0,Shoulder,2024-25,0
2025-04-11,Moderate,2025,4,Apr,2025-04,Friday,0,Shoulder,2024-25,0
2025-04-12,Moderate,2025,4,Apr,2025-04,Saturday,1,Shoulder,2024-25,0
2025-04-13,Calm,2025,4,Apr,2025-04,Sunday,1,Shoulder,2024-25,0
2025-04-14,Closed,2025,4,Apr,2025-04,Monday,0,Shoulder,2024-25,0
2025-04-15,Moderate,2025,4,Apr,2025-04,Tuesday,0,Shoulder,2024-25,0
2025-04-16,Calm,2025,4,Apr,2025-04,Wednesday,0,Shoulder,2024-25,0
2025-04-17,Moderate,2025,4,Apr,2025-04,Thursday,0,Shoulder,2024-25,0
2025-04-18,Moderate,2025,4,Apr,2025-04,Friday,0,Shoulder,2024-25,0
2025-04-19,Moderate,2025,4,Apr,2025-04,Saturday,1,Shoulder,2024-25,0
2025-04-20,Rough,2025,4,Apr,2025-04,Sunday,1,Shoulder,2024-25,0
2025-04-21,Moderate,2025,4,Apr,2025-04,Monday,0,Shoulder,2024-25,0
2025-04-22,Moderate,2025,4,Apr,2025-04,Tuesday,0,Shoulder,2024-25,0
2025-04-23,Moderate,2025,4,Apr,2025-04,Wednesday,0,Shoulder,2024-25,0
2025-04-24,Moderate,2025,4,Apr,2025-04,Thursday,0,Shoulder,2024-25,0
2025-04-25,Moderate,2025,4,Apr,2025-04,Friday,0,Shoulder,2024-25,0
2025-04-26,Moderate,2025,4,Apr,2025-04,Saturday,1,Shoulder,2024-25,0
2025-04-27,Moderate,2025,4,Apr,2025-04,Sunday,1,Shoulder,2024-25,0
2025-04-28,Rough,2025,4,Apr,2025-04,Monday,0,Shoulder,2024-25,0
2025-04-29,Calm,2025,4,Apr,2025-04,Tuesday,0,Shoulder,2024-25,0
2025-04-30,Moderate,2025,4,Apr,2025-04,Wednesday,0,Shoulder,2024-25,0
2025-05-01,Moderate,2025,5,May,2025-05,Thursday,0,Shoulder,2024-25,0
2025-05-02,Moderate,2025,5,May,2025-05,Friday,0,Shoulder,2024-25,0
2025-05-03,Closed,2025,5,May,2025-05,Saturday,1,Shoulder,2024-25,0
2025-05-04,Closed,2025,5,May,2025-05,Sunday,1,Shoulder,2024-25,0
2025-05-05,Calm,2025,5,May,2025-05,Monday,0,Shoulder,2024-25,0
2025-05-06,Moderate,2025,5,May,2025-05,Tuesday,0,Shoulder,2024-25,0
2025-05-07,Rough,2025,5,May,2025-05,Wednesday,0,Shoulder,2024-25,0
2025-05-08,Rough,2025,5,May,2025-05,Thursday,0,Shoulder,2024-25,0
2025-05-09,Calm,2025,5,May,2025-05,Friday,0,Shoulder,2024-25,0
2025-05-10,Moderate,2025,5,May,2025-05,Saturday,1,Shoulder,2024-25,0
2025-05-11,Calm,2025,5,May,2025-05,Sunday,1,Shoulder,2024-25,0
2025-05-12,Calm,2025,5,May,2025-05,Monday,0,Shoulder,2024-25,0
2025-05-13,Closed,2025,5,May,2025-05,Tuesday,0,Shoulder,2024-25,0
2025-05-14,Calm,2025,5,May,2025-05,Wednesday,0,Shoulder,2024-25,0
2025-05-15,Calm,2025,5,May,2025-05,Thursday,0,Shoulder,2024-25,0
2025-05-16,Moderate,2025,5,May,2025-05,Friday,0,Shoulder,2024-25,0
2025-05-17,Calm,2025,5,May,2025-05,Saturday,1,Shoulder,2024-25,0
2025-05-18,Calm,2025,5,May,2025-05,Sunday,1,Shoulder,2024-25,0
2025-05-19,Moderate,2025,5,May,2025-05,Monday,0,Shoulder,2024-25,0
2025-05-20,Moderate,2025,5,May,2025-05,Tuesday,0,Shoulder,2024-25,0
2025-05-21,Calm,2025,5,May,2025-05,Wednesday,0,Shoulder,2024-25,0
2025-05-22,Moderate,2025,5,May,2025-05,Thursday,0,Shoulder,2024-25,0
2025-05-23,Calm,2025,5,May,2025-05,Friday,0,Shoulder,2024-25,0
2025-05-24,Rough,2025,5,May,2025-05,Saturday,1,Shoulder,2024-25,0
2025-05-25,Moderate,2025,5,May,2025-05,Sunday,1,Shoulder,2024-25,0
2025-05-26,Moderate,2025,5,May,2025-05,Monday,0,Shoulder,2024-25,0
2025-05-27,Moderate,2025,5,May,2025-05,Tuesday,0,Shoulder,2024-25,0
2025-05-28,Rough,2025,5,May,2025-05,Wednesday,0,Shoulder,2024-25,0
2025-05-29,Moderate,2025,5,May,2025-05,Thursday,0,Shoulder,2024-25,0
2025-05-30,Moderate,2025,5,May,2025-05,Friday,0,Shoulder,2024-25,0
2025-05-31,Moderate,2025,5,May,2025-05,Saturday,1,Shoulder,2024-25,0
2025-06-01,Moderate,2025,6,Jun,2025-06,Sunday,1,Monsoon-Closed,2025-26,0
2025-06-02,Closed,2025,6,Jun,2025-06,Monday,0,Monsoon-Closed,2025-26,0
2025-06-03,Closed,2025,6,Jun,2025-06,Tuesday,0,Monsoon-Closed,2025-26,0
2025-06-04,Closed,2025,6,Jun,2025-06,Wednesday,0,Monsoon-Closed,2025-26,0
2025-06-05,Closed,2025,6,Jun,2025-06,Thursday,0,Monsoon-Closed,2025-26,0
2025-06-06,Closed,2025,6,Jun,2025-06,Friday,0,Monsoon-Closed,2025-26,0
2025-06-07,Closed,2025,6,Jun,2025-06,Saturday,1,Monsoon-Closed,2025-26,0
2025-06-08,Closed,2025,6,Jun,2025-06,Sunday,1,Monsoon-Closed,2025-26,0
2025-06-09,Moderate,2025,6,Jun,2025-06,Monday,0,Monsoon-Closed,2025-26,0
2025-06-10,Moderate,2025,6,Jun,2025-06,Tuesday,0,Monsoon-Closed,2025-26,0
2025-06-11,Closed,2025,6,Jun,2025-06,Wednesday,0,Monsoon-Closed,2025-26,0
2025-06-12,Closed,2025,6,Jun,2025-06,Thursday,0,Monsoon-Closed,2025-26,0
2025-06-13,Moderate,2025,6,Jun,2025-06,Friday,0,Monsoon-Closed,2025-26,0
2025-06-14,Closed,2025,6,Jun,2025-06,Saturday,1,Monsoon-Closed,2025-26,0
2025-06-15,Closed,2025,6,Jun,2025-06,Sunday,1,Monsoon-Closed,2025-26,0
2025-06-16,Moderate,2025,6,Jun,2025-06,Monday,0,Monsoon-Closed,2025-26,0
2025-06-17,Rough,2025,6,Jun,2025-06,Tuesday,0,Monsoon-Closed,2025-26,0
2025-06-18,Rough,2025,6,Jun,2025-06,Wednesday,0,Monsoon-Closed,2025-26,0
2025-06-19,Closed,2025,6,Jun,2025-06,Thursday,0,Monsoon-Closed,2025-26,0
2025-06-20,Rough,2025,6,Jun,2025-06,Friday,0,Monsoon-Closed,2025-26,0
2025-06-21,Rough,2025,6,Jun,2025-06,Saturday,1,Monsoon-Closed,2025-26,0
2025-06-22,Closed,2025,6,Jun,2025-06,Sunday,1,Monsoon-Closed,2025-26,0
2025-06-23,Closed,2025,6,Jun,2025-06,Monday,0,Monsoon-Closed,2025-26,0
2025-06-24,Rough,2025,6,Jun,2025-06,Tuesday,0,Monsoon-Closed,2025-26,0
2025-06-25,Rough,2025,6,Jun,2025-06,Wednesday,0,Monsoon-Closed,2025-26,0
2025-06-26,Rough,2025,6,Jun,2025-06,Thursday,0,Monsoon-Closed,2025-26,0
2025-06-27,Rough,2025,6,Jun,2025-06,Friday,0,Monsoon-Closed,2025-26,0
2025-06-28,Closed,2025,6,Jun,2025-06,Saturday,1,Monsoon-Closed,2025-26,0
2025-06-29,Rough,2025,6,Jun,2025-06,Sunday,1,Monsoon-Closed,2025-26,0
2025-06-30,Rough,2025,6,Jun,2025-06,Monday,0,Monsoon-Closed,2025-26,0
2025-07-01,Closed,2025,7,Jul,2025-07,Tuesday,0,Monsoon-Closed,2025-26,0
2025-07-02,Rough,2025,7,Jul,2025-07,Wednesday,0,Monsoon-Closed,2025-26,0
2025-07-03,Rough,2025,7,Jul,2025-07,Thursday,0,Monsoon-Closed,2025-26,0
2025-07-04,Closed,2025,7,Jul,2025-07,Friday,0,Monsoon-Closed,2025-26,0
2025-07-05,Closed,2025,7,Jul,2025-07,Saturday,1,Monsoon-Closed,2025-26,0
2025-07-06,Closed,2025,7,Jul,2025-07,Sunday,1,Monsoon-Closed,2025-26,0
2025-07-07,Rough,2025,7,Jul,2025-07,Monday,0,Monsoon-Closed,2025-26,0
2025-07-08,Closed,2025,7,Jul,2025-07,Tuesday,0,Monsoon-Closed,2025-26,0
2025-07-09,Closed,2025,7,Jul,2025-07,Wednesday,0,Monsoon-Closed,2025-26,0
2025-07-10,Closed,2025,7,Jul,2025-07,Thursday,0,Monsoon-Closed,2025-26,0
2025-07-11,Moderate,2025,7,Jul,2025-07,Friday,0,Monsoon-Closed,2025-26,0
2025-07-12,Closed,2025,7,Jul,2025-07,Saturday,1,Monsoon-Closed,2025-26,0
2025-07-13,Rough,2025,7,Jul,2025-07,Sunday,1,Monsoon-Closed,2025-26,0
2025-07-14,Closed,2025,7,Jul,2025-07,Monday,0,Monsoon-Closed,2025-26,0
2025-07-15,Closed,2025,7,Jul,2025-07,Tuesday,0,Monsoon-Closed,2025-26,0
2025-07-16,Closed,2025,7,Jul,2025-07,Wednesday,0,Monsoon-Closed,2025-26,0
2025-07-17,Closed,2025,7,Jul,2025-07,Thursday,0,Monsoon-Closed,2025-26,0
2025-07-18,Closed,2025,7,Jul,2025-07,Friday,0,Monsoon-Closed,2025-26,0
2025-07-19,Closed,2025,7,Jul,2025-07,Saturday,1,Monsoon-Closed,2025-26,0
2025-07-20,Closed,2025,7,Jul,2025-07,Sunday,1,Monsoon-Closed,2025-26,0
2025-07-21,Closed,2025,7,Jul,2025-07,Monday,0,Monsoon-Closed,2025-26,0
2025-07-22,Moderate,2025,7,Jul,2025-07,Tuesday,0,Monsoon-Closed,2025-26,0
2025-07-23,Moderate,2025,7,Jul,2025-07,Wednesday,0,Monsoon-Closed,2025-26,0
2025-07-24,Rough,2025,7,Jul,2025-07,Thursday,0,Monsoon-Closed,2025-26,0
2025-07-25,Rough,2025,7,Jul,2025-07,Friday,0,Monsoon-Closed,2025-26,0
2025-07-26,Closed,2025,7,Jul,2025-07,Saturday,1,Monsoon-Closed,2025-26,0
2025-07-27,Closed,2025,7,Jul,2025-07,Sunday,1,Monsoon-Closed,2025-26,0
2025-07-28,Rough,2025,7,Jul,2025-07,Monday,0,Monsoon-Closed,2025-26,0
2025-07-29,Closed,2025,7,Jul,2025-07,Tuesday,0,Monsoon-Closed,2025-26,0
2025-07-30,Closed,2025,7,Jul,2025-07,Wednesday,0,Monsoon-Closed,2025-26,0
2025-07-31,Closed,2025,7,Jul,2025-07,Thursday,0,Monsoon-Closed,2025-26,0
2025-08-01,Closed,2025,8,Aug,2025-08,Friday,0,Monsoon-Closed,2025-26,0
2025-08-02,Rough,2025,8,Aug,2025-08,Saturday,1,Monsoon-Closed,2025-26,0
2025-08-03,Closed,2025,8,Aug,2025-08,Sunday,1,Monsoon-Closed,2025-26,0
2025-08-04,Closed,2025,8,Aug,2025-08,Monday,0,Monsoon-Closed,2025-26,0
2025-08-05,Closed,2025,8,Aug,2025-08,Tuesday,0,Monsoon-Closed,2025-26,0
2025-08-06,Closed,2025,8,Aug,2025-08,Wednesday,0,Monsoon-Closed,2025-26,0
2025-08-07,Closed,2025,8,Aug,2025-08,Thursday,0,Monsoon-Closed,2025-26,0
2025-08-08,Closed,2025,8,Aug,2025-08,Friday,0,Monsoon-Closed,2025-26,0
2025-08-09,Closed,2025,8,Aug,2025-08,Saturday,1,Monsoon-Closed,2025-26,0
2025-08-10,Closed,2025,8,Aug,2025-08,Sunday,1,Monsoon-Closed,2025-26,0
2025-08-11,Rough,2025,8,Aug,2025-08,Monday,0,Monsoon-Closed,2025-26,0
2025-08-12,Rough,2025,8,Aug,2025-08,Tuesday,0,Monsoon-Closed,2025-26,0
2025-08-13,Rough,2025,8,Aug,2025-08,Wednesday,0,Monsoon-Closed,2025-26,0
2025-08-14,Closed,2025,8,Aug,2025-08,Thursday,0,Monsoon-Closed,2025-26,0
2025-08-15,Rough,2025,8,Aug,2025-08,Friday,0,Monsoon-Closed,2025-26,0
2025-08-16,Rough,2025,8,Aug,2025-08,Saturday,1,Monsoon-Closed,2025-26,0
2025-08-17,Closed,2025,8,Aug,2025-08,Sunday,1,Monsoon-Closed,2025-26,0
2025-08-18,Closed,2025,8,Aug,2025-08,Monday,0,Monsoon-Closed,2025-26,0
2025-08-19,Rough,2025,8,Aug,2025-08,Tuesday,0,Monsoon-Closed,2025-26,0
2025-08-20,Rough,2025,8,Aug,2025-08,Wednesday,0,Monsoon-Closed,2025-26,0
2025-08-21,Moderate,2025,8,Aug,2025-08,Thursday,0,Monsoon-Closed,2025-26,0
2025-08-22,Rough,2025,8,Aug,2025-08,Friday,0,Monsoon-Closed,2025-26,0
2025-08-23,Closed,2025,8,Aug,2025-08,Saturday,1,Monsoon-Closed,2025-26,0
2025-08-24,Closed,2025,8,Aug,2025-08,Sunday,1,Monsoon-Closed,2025-26,0
2025-08-25,Closed,2025,8,Aug,2025-08,Monday,0,Monsoon-Closed,2025-26,0
2025-08-26,Closed,2025,8,Aug,2025-08,Tuesday,0,Monsoon-Closed,2025-26,0
2025-08-27,Moderate,2025,8,Aug,2025-08,Wednesday,0,Monsoon-Closed,2025-26,0
2025-08-28,Closed,2025,8,Aug,2025-08,Thursday,0,Monsoon-Closed,2025-26,0
2025-08-29,Moderate,2025,8,Aug,2025-08,Friday,0,Monsoon-Closed,2025-26,0
2025-08-30,Closed,2025,8,Aug,2025-08,Saturday,1,Monsoon-Closed,2025-26,0
2025-08-31,Closed,2025,8,Aug,2025-08,Sunday,1,Monsoon-Closed,2025-26,0
2025-09-01,Closed,2025,9,Sep,2025-09,Monday,0,Monsoon-Closed,2025-26,0
2025-09-02,Closed,2025,9,Sep,2025-09,Tuesday,0,Monsoon-Closed,2025-26,0
2025-09-03,Closed,2025,9,Sep,2025-09,Wednesday,0,Monsoon-Closed,2025-26,0
2025-09-04,Rough,2025,9,Sep,2025-09,Thursday,0,Monsoon-Closed,2025-26,0
2025-09-05,Rough,2025,9,Sep,2025-09,Friday,0,Monsoon-Closed,2025-26,0
2025-09-06,Closed,2025,9,Sep,2025-09,Saturday,1,Monsoon-Closed,2025-26,0
2025-09-07,Closed,2025,9,Sep,2025-09,Sunday,1,Monsoon-Closed,2025-26,0
2025-09-08,Moderate,2025,9,Sep,2025-09,Monday,0,Monsoon-Closed,2025-26,0
2025-09-09,Rough,2025,9,Sep,2025-09,Tuesday,0,Monsoon-Closed,2025-26,0
2025-09-10,Rough,2025,9,Sep,2025-09,Wednesday,0,Monsoon-Closed,2025-26,0
2025-09-11,Moderate,2025,9,Sep,2025-09,Thursday,0,Monsoon-Closed,2025-26,0
2025-09-12,Rough,2025,9,Sep,2025-09,Friday,0,Monsoon-Closed,2025-26,0
2025-09-13,Rough,2025,9,Sep,2025-09,Saturday,1,Monsoon-Closed,2025-26,0
2025-09-14,Rough,2025,9,Sep,2025-09,Sunday,1,Monsoon-Closed,2025-26,0
2025-09-15,Rough,2025,9,Sep,2025-09,Monday,0,Monsoon-Closed,2025-26,0
2025-09-16,Calm,2025,9,Sep,2025-09,Tuesday,0,Monsoon-Closed,2025-26,0
2025-09-17,Rough,2025,9,Sep,2025-09,Wednesday,0,Monsoon-Closed,2025-26,0
2025-09-18,Rough,2025,9,Sep,2025-09,Thursday,0,Monsoon-Closed,2025-26,0
2025-09-19,Rough,2025,9,Sep,2025-09,Friday,0,Monsoon-Closed,2025-26,0
2025-09-20,Rough,2025,9,Sep,2025-09,Saturday,1,Monsoon-Closed,2025-26,0
2025-09-21,Moderate,2025,9,Sep,2025-09,Sunday,1,Monsoon-Closed,2025-26,0
2025-09-22,Moderate,2025,9,Sep,2025-09,Monday,0,Monsoon-Closed,2025-26,0
2025-09-23,Rough,2025,9,Sep,2025-09,Tuesday,0,Monsoon-Closed,2025-26,0
2025-09-24,Rough,2025,9,Sep,2025-09,Wednesday,0,Monsoon-Closed,2025-26,0
2025-09-25,Rough,2025,9,Sep,2025-09,Thursday,0,Monsoon-Closed,2025-26,0
2025-09-26,Rough,2025,9,Sep,2025-09,Friday,0,Monsoon-Closed,2025-26,0
2025-09-27,Closed,2025,9,Sep,2025-09,Saturday,1,Monsoon-Closed,2025-26,0
2025-09-28,Closed,2025,9,Sep,2025-09,Sunday,1,Monsoon-Closed,2025-26,0
2025-09-29,Closed,2025,9,Sep,2025-09,Monday,0,Monsoon-Closed,2025-26,0
2025-09-30,Closed,2025,9,Sep,2025-09,Tuesday,0,Monsoon-Closed,2025-26,0
2025-10-01,Closed,2025,10,Oct,2025-10,Wednesday,0,Shoulder,2025-26,0
2025-10-02,Closed,2025,10,Oct,2025-10,Thursday,0,Shoulder,2025-26,0
2025-10-03,Rough,2025,10,Oct,2025-10,Friday,0,Shoulder,2025-26,0
2025-10-04,Moderate,2025,10,Oct,2025-10,Saturday,1,Shoulder,2025-26,0
2025-10-05,Calm,2025,10,Oct,2025-10,Sunday,1,Shoulder,2025-26,0
2025-10-06,Calm,2025,10,Oct,2025-10,Monday,0,Shoulder,2025-26,0
2025-10-07,Moderate,2025,10,Oct,2025-10,Tuesday,0,Shoulder,2025-26,0
2025-10-08,Calm,2025,10,Oct,2025-10,Wednesday,0,Shoulder,2025-26,0
2025-10-09,Calm,2025,10,Oct,2025-10,Thursday,0,Shoulder,2025-26,0
2025-10-10,Calm,2025,10,Oct,2025-10,Friday,0,Shoulder,2025-26,0
2025-10-11,Calm,2025,10,Oct,2025-10,Saturday,1,Shoulder,2025-26,0
2025-10-12,Moderate,2025,10,Oct,2025-10,Sunday,1,Shoulder,2025-26,0
2025-10-13,Moderate,2025,10,Oct,2025-10,Monday,0,Shoulder,2025-26,0
2025-10-14,Moderate,2025,10,Oct,2025-10,Tuesday,0,Shoulder,2025-26,0
2025-10-15,Moderate,2025,10,Oct,2025-10,Wednesday,0,Shoulder,2025-26,0
2025-10-16,Moderate,2025,10,Oct,2025-10,Thursday,0,Shoulder,2025-26,0
2025-10-17,Rough,2025,10,Oct,2025-10,Friday,0,Shoulder,2025-26,0
2025-10-18,Rough,2025,10,Oct,2025-10,Saturday,1,Shoulder,2025-26,0
2025-10-19,Calm,2025,10,Oct,2025-10,Sunday,1,Shoulder,2025-26,0
2025-10-20,Calm,2025,10,Oct,2025-10,Monday,0,Shoulder,2025-26,0
2025-10-21,Calm,2025,10,Oct,2025-10,Tuesday,0,Shoulder,2025-26,0
2025-10-22,Moderate,2025,10,Oct,2025-10,Wednesday,0,Shoulder,2025-26,0
2025-10-23,Moderate,2025,10,Oct,2025-10,Thursday,0,Shoulder,2025-26,0
2025-10-24,Moderate,2025,10,Oct,2025-10,Friday,0,Shoulder,2025-26,0
2025-10-25,Calm,2025,10,Oct,2025-10,Saturday,1,Shoulder,2025-26,0
2025-10-26,Calm,2025,10,Oct,2025-10,Sunday,1,Shoulder,2025-26,0
2025-10-27,Calm,2025,10,Oct,2025-10,Monday,0,Shoulder,2025-26,0
2025-10-28,Calm,2025,10,Oct,2025-10,Tuesday,0,Shoulder,2025-26,0
2025-10-29,Rough,2025,10,Oct,2025-10,Wednesday,0,Shoulder,2025-26,0
2025-10-30,Moderate,2025,10,Oct,2025-10,Thursday,0,Shoulder,2025-26,0
2025-10-31,Calm,2025,10,Oct,2025-10,Friday,0,Shoulder,2025-26,0
2025-11-01,Calm,2025,11,Nov,2025-11,Saturday,1,Shoulder,2025-26,0
2025-11-02,Moderate,2025,11,Nov,2025-11,Sunday,1,Shoulder,2025-26,0
2025-11-03,Rough,2025,11,Nov,2025-11,Monday,0,Shoulder,2025-26,0
2025-11-04,Closed,2025,11,Nov,2025-11,Tuesday,0,Shoulder,2025-26,0
2025-11-05,Calm,2025,11,Nov,2025-11,Wednesday,0,Shoulder,2025-26,0
2025-11-06,Calm,2025,11,Nov,2025-11,Thursday,0,Shoulder,2025-26,0
2025-11-07,Calm,2025,11,Nov,2025-11,Friday,0,Shoulder,2025-26,0
2025-11-08,Calm,2025,11,Nov,2025-11,Saturday,1,Shoulder,2025-26,0
2025-11-09,Calm,2025,11,Nov,2025-11,Sunday,1,Shoulder,2025-26,0
2025-11-10,Moderate,2025,11,Nov,2025-11,Monday,0,Shoulder,2025-26,0
2025-11-11,Rough,2025,11,Nov,2025-11,Tuesday,0,Shoulder,2025-26,0
2025-11-12,Rough,2025,11,Nov,2025-11,Wednesday,0,Shoulder,2025-26,0
2025-11-13,Moderate,2025,11,Nov,2025-11,Thursday,0,Shoulder,2025-26,0
2025-11-14,Moderate,2025,11,Nov,2025-11,Friday,0,Shoulder,2025-26,0
2025-11-15,Rough,2025,11,Nov,2025-11,Saturday,1,Shoulder,2025-26,0
2025-11-16,Rough,2025,11,Nov,2025-11,Sunday,1,Shoulder,2025-26,0
2025-11-17,Rough,2025,11,Nov,2025-11,Monday,0,Shoulder,2025-26,0
2025-11-18,Calm,2025,11,Nov,2025-11,Tuesday,0,Shoulder,2025-26,0
2025-11-19,Calm,2025,11,Nov,2025-11,Wednesday,0,Shoulder,2025-26,0
2025-11-20,Calm,2025,11,Nov,2025-11,Thursday,0,Shoulder,2025-26,0
2025-11-21,Moderate,2025,11,Nov,2025-11,Friday,0,Shoulder,2025-26,0
2025-11-22,Calm,2025,11,Nov,2025-11,Saturday,1,Shoulder,2025-26,0
2025-11-23,Calm,2025,11,Nov,2025-11,Sunday,1,Shoulder,2025-26,0
2025-11-24,Calm,2025,11,Nov,2025-11,Monday,0,Shoulder,2025-26,0
2025-11-25,Calm,2025,11,Nov,2025-11,Tuesday,0,Shoulder,2025-26,0
2025-11-26,Moderate,2025,11,Nov,2025-11,Wednesday,0,Shoulder,2025-26,0
2025-11-27,Moderate,2025,11,Nov,2025-11,Thursday,0,Shoulder,2025-26,0
2025-11-28,Moderate,2025,11,Nov,2025-11,Friday,0,Shoulder,2025-26,0
2025-11-29,Moderate,2025,11,Nov,2025-11,Saturday,1,Shoulder,2025-26,0
2025-11-30,Moderate,2025,11,Nov,2025-11,Sunday,1,Shoulder,2025-26,0
2025-12-01,Moderate,2025,12,Dec,2025-12,Monday,0,Peak,2025-26,0
2025-12-02,Moderate,2025,12,Dec,2025-12,Tuesday,0,Peak,2025-26,0
2025-12-03,Calm,2025,12,Dec,2025-12,Wednesday,0,Peak,2025-26,0
2025-12-04,Calm,2025,12,Dec,2025-12,Thursday,0,Peak,2025-26,0
2025-12-05,Calm,2025,12,Dec,2025-12,Friday,0,Peak,2025-26,0
2025-12-06,Calm,2025,12,Dec,2025-12,Saturday,1,Peak,2025-26,0
2025-12-07,Calm,2025,12,Dec,2025-12,Sunday,1,Peak,2025-26,0
2025-12-08,Calm,2025,12,Dec,2025-12,Monday,0,Peak,2025-26,0
2025-12-09,Moderate,2025,12,Dec,2025-12,Tuesday,0,Peak,2025-26,0
2025-12-10,Moderate,2025,12,Dec,2025-12,Wednesday,0,Peak,2025-26,0
2025-12-11,Moderate,2025,12,Dec,2025-12,Thursday,0,Peak,2025-26,0
2025-12-12,Moderate,2025,12,Dec,2025-12,Friday,0,Peak,2025-26,0
2025-12-13,Moderate,2025,12,Dec,2025-12,Saturday,1,Peak,2025-26,0
2025-12-14,Moderate,2025,12,Dec,2025-12,Sunday,1,Peak,2025-26,0
2025-12-15,Moderate,2025,12,Dec,2025-12,Monday,0,Peak,2025-26,0
2025-12-16,Moderate,2025,12,Dec,2025-12,Tuesday,0,Peak,2025-26,0
2025-12-17,Calm,2025,12,Dec,2025-12,Wednesday,0,Peak,2025-26,0
2025-12-18,Moderate,2025,12,Dec,2025-12,Thursday,0,Peak,2025-26,0
2025-12-19,Moderate,2025,12,Dec,2025-12,Friday,0,Peak,2025-26,0
2025-12-20,Calm,2025,12,Dec,2025-12,Saturday,1,Peak,2025-26,0
2025-12-21,Calm,2025,12,Dec,2025-12,Sunday,1,Peak,2025-26,0
2025-12-22,Calm,2025,12,Dec,2025-12,Monday,0,Peak,2025-26,0
2025-12-23,Rough,2025,12,Dec,2025-12,Tuesday,0,Peak,2025-26,0
2025-12-24,Calm,2025,12,Dec,2025-12,Wednesday,0,Peak,2025-26,0
2025-12-25,Calm,2025,12,Dec,2025-12,Thursday,0,Peak,2025-26,0
2025-12-26,Calm,2025,12,Dec,2025-12,Friday,0,Peak,2025-26,0
2025-12-27,Calm,2025,12,Dec,2025-12,Saturday,1,Peak,2025-26,0
2025-12-28,Calm,2025,12,Dec,2025-12,Sunday,1,Peak,2025-26,0
2025-12-29,Moderate,2025,12,Dec,2025-12,Monday,0,Peak,2025-26,0
2025-12-30,Rough,2025,12,Dec,2025-12,Tuesday,0,Peak,2025-26,0
2025-12-31,Rough,2025,12,Dec,2025-12,Wednesday,0,Peak,2025-26,0
2026-01-01,Calm,2026,1,Jan,2026-01,Thursday,0,Peak,2025-26,0
2026-01-02,Calm,2026,1,Jan,2026-01,Friday,0,Peak,2025-26,0
2026-01-03,Calm,2026,1,Jan,2026-01,Saturday,1,Peak,2025-26,0
2026-01-04,Calm,2026,1,Jan,2026-01,Sunday,1,Peak,2025-26,0
2026-01-05,Calm,2026,1,Jan,2026-01,Monday,0,Peak,2025-26,0
2026-01-06,Calm,2026,1,Jan,2026-01,Tuesday,0,Peak,2025-26,0
2026-01-07,Calm,2026,1,Jan,2026-01,Wednesday,0,Peak,2025-26,0
2026-01-08,Rough,2026,1,Jan,2026-01,Thursday,0,Peak,2025-26,0
2026-01-09,Rough,2026,1,Jan,2026-01,Friday,0,Peak,2025-26,0
2026-01-10,Moderate,2026,1,Jan,2026-01,Saturday,1,Peak,2025-26,0
2026-01-11,Calm,2026,1,Jan,2026-01,Sunday,1,Peak,2025-26,0
2026-01-12,Calm,2026,1,Jan,2026-01,Monday,0,Peak,2025-26,0
2026-01-13,Calm,2026,1,Jan,2026-01,Tuesday,0,Peak,2025-26,0
2026-01-14,Moderate,2026,1,Jan,2026-01,Wednesday,0,Peak,2025-26,0
2026-01-15,Calm,2026,1,Jan,2026-01,Thursday,0,Peak,2025-26,0
2026-01-16,Calm,2026,1,Jan,2026-01,Friday,0,Peak,2025-26,0
2026-01-17,Moderate,2026,1,Jan,2026-01,Saturday,1,Peak,2025-26,0
2026-01-18,Rough,2026,1,Jan,2026-01,Sunday,1,Peak,2025-26,0
2026-01-19,Moderate,2026,1,Jan,2026-01,Monday,0,Peak,2025-26,0
2026-01-20,Rough,2026,1,Jan,2026-01,Tuesday,0,Peak,2025-26,0
2026-01-21,Calm,2026,1,Jan,2026-01,Wednesday,0,Peak,2025-26,0
2026-01-22,Calm,2026,1,Jan,2026-01,Thursday,0,Peak,2025-26,0
2026-01-23,Calm,2026,1,Jan,2026-01,Friday,0,Peak,2025-26,0
2026-01-24,Calm,2026,1,Jan,2026-01,Saturday,1,Peak,2025-26,0
2026-01-25,Calm,2026,1,Jan,2026-01,Sunday,1,Peak,2025-26,0
2026-01-26,Calm,2026,1,Jan,2026-01,Monday,0,Peak,2025-26,0
2026-01-27,Calm,2026,1,Jan,2026-01,Tuesday,0,Peak,2025-26,0
2026-01-28,Calm,2026,1,Jan,2026-01,Wednesday,0,Peak,2025-26,0
2026-01-29,Moderate,2026,1,Jan,2026-01,Thursday,0,Peak,2025-26,0
2026-01-30,Calm,2026,1,Jan,2026-01,Friday,0,Peak,2025-26,0
2026-01-31,Calm,2026,1,Jan,2026-01,Saturday,1,Peak,2025-26,0
2026-02-01,Rough,2026,2,Feb,2026-02,Sunday,1,Peak,2025-26,0
2026-02-02,Moderate,2026,2,Feb,2026-02,Monday,0,Peak,2025-26,0
2026-02-03,Calm,2026,2,Feb,2026-02,Tuesday,0,Peak,2025-26,0
2026-02-04,Calm,2026,2,Feb,2026-02,Wednesday,0,Peak,2025-26,0
2026-02-05,Calm,2026,2,Feb,2026-02,Thursday,0,Peak,2025-26,0
2026-02-06,Calm,2026,2,Feb,2026-02,Friday,0,Peak,2025-26,0
2026-02-07,Calm,2026,2,Feb,2026-02,Saturday,1,Peak,2025-26,0
2026-02-08,Calm,2026,2,Feb,2026-02,Sunday,1,Peak,2025-26,0
2026-02-09,Calm,2026,2,Feb,2026-02,Monday,0,Peak,2025-26,0
2026-02-10,Calm,2026,2,Feb,2026-02,Tuesday,0,Peak,2025-26,0
2026-02-11,Calm,2026,2,Feb,2026-02,Wednesday,0,Peak,2025-26,0
2026-02-12,Calm,2026,2,Feb,2026-02,Thursday,0,Peak,2025-26,0
2026-02-13,Calm,2026,2,Feb,2026-02,Friday,0,Peak,2025-26,0
2026-02-14,Calm,2026,2,Feb,2026-02,Saturday,1,Peak,2025-26,0
2026-02-15,Moderate,2026,2,Feb,2026-02,Sunday,1,Peak,2025-26,0
2026-02-16,Calm,2026,2,Feb,2026-02,Monday,0,Peak,2025-26,0
2026-02-17,Calm,2026,2,Feb,2026-02,Tuesday,0,Peak,2025-26,0
2026-02-18,Calm,2026,2,Feb,2026-02,Wednesday,0,Peak,2025-26,0
2026-02-19,Moderate,2026,2,Feb,2026-02,Thursday,0,Peak,2025-26,0
2026-02-20,Rough,2026,2,Feb,2026-02,Friday,0,Peak,2025-26,0
2026-02-21,Rough,2026,2,Feb,2026-02,Saturday,1,Peak,2025-26,0
2026-02-22,Calm,2026,2,Feb,2026-02,Sunday,1,Peak,2025-26,0
2026-02-23,Calm,2026,2,Feb,2026-02,Monday,0,Peak,2025-26,0
2026-02-24,Moderate,2026,2,Feb,2026-02,Tuesday,0,Peak,2025-26,0
2026-02-25,Moderate,2026,2,Feb,2026-02,Wednesday,0,Peak,2025-26,0
2026-02-26,Calm,2026,2,Feb,2026-02,Thursday,0,Peak,2025-26,0
2026-02-27,Moderate,2026,2,Feb,2026-02,Friday,0,Peak,2025-26,0
2026-02-28,Moderate,2026,2,Feb,2026-02,Saturday,1,Peak,2025-26,0
2026-03-01,Moderate,2026,3,Mar,2026-03,Sunday,1,Peak,2025-26,0
2026-03-02,Calm,2026,3,Mar,2026-03,Monday,0,Peak,2025-26,0
2026-03-03,Calm,2026,3,Mar,2026-03,Tuesday,0,Peak,2025-26,0
2026-03-04,Calm,2026,3,Mar,2026-03,Wednesday,0,Peak,2025-26,0
2026-03-05,Calm,2026,3,Mar,2026-03,Thursday,0,Peak,2025-26,0
2026-03-06,Calm,2026,3,Mar,2026-03,Friday,0,Peak,2025-26,0
2026-03-07,Calm,2026,3,Mar,2026-03,Saturday,1,Peak,2025-26,0
2026-03-08,Calm,2026,3,Mar,2026-03,Sunday,1,Peak,2025-26,0
2026-03-09,Calm,2026,3,Mar,2026-03,Monday,0,Peak,2025-26,0
2026-03-10,Calm,2026,3,Mar,2026-03,Tuesday,0,Peak,2025-26,0
2026-03-11,Calm,2026,3,Mar,2026-03,Wednesday,0,Peak,2025-26,0
2026-03-12,Moderate,2026,3,Mar,2026-03,Thursday,0,Peak,2025-26,0
2026-03-13,Calm,2026,3,Mar,2026-03,Friday,0,Peak,2025-26,0
2026-03-14,Calm,2026,3,Mar,2026-03,Saturday,1,Peak,2025-26,0
2026-03-15,Calm,2026,3,Mar,2026-03,Sunday,1,Peak,2025-26,0
2026-03-16,Calm,2026,3,Mar,2026-03,Monday,0,Peak,2025-26,0
2026-03-17,Moderate,2026,3,Mar,2026-03,Tuesday,0,Peak,2025-26,0
2026-03-18,Calm,2026,3,Mar,2026-03,Wednesday,0,Peak,2025-26,0
2026-03-19,Calm,2026,3,Mar,2026-03,Thursday,0,Peak,2025-26,0
2026-03-20,Calm,2026,3,Mar,2026-03,Friday,0,Peak,2025-26,0
2026-03-21,Calm,2026,3,Mar,2026-03,Saturday,1,Peak,2025-26,0
2026-03-22,Calm,2026,3,Mar,2026-03,Sunday,1,Peak,2025-26,0
2026-03-23,Calm,2026,3,Mar,2026-03,Monday,0,Peak,2025-26,0
2026-03-24,Calm,2026,3,Mar,2026-03,Tuesday,0,Peak,2025-26,0
2026-03-25,Calm,2026,3,Mar,2026-03,Wednesday,0,Peak,2025-26,0
2026-03-26,Closed,2026,3,Mar,2026-03,Thursday,0,Peak,2025-26,0
2026-03-27,Calm,2026,3,Mar,2026-03,Friday,0,Peak,2025-26,0
2026-03-28,Calm,2026,3,Mar,2026-03,Saturday,1,Peak,2025-26,0
2026-03-29,Moderate,2026,3,Mar,2026-03,Sunday,1,Peak,2025-26,0
2026-03-30,Calm,2026,3,Mar,2026-03,Monday,0,Peak,2025-26,0
2026-03-31,Calm,2026,3,Mar,2026-03,Tuesday,0,Peak,2025-26,0
2026-04-01,Rough,2026,4,Apr,2026-04,Wednesday,0,Shoulder,2025-26,0
2026-04-02,Calm,2026,4,Apr,2026-04,Thursday,0,Shoulder,2025-26,0
2026-04-03,Rough,2026,4,Apr,2026-04,Friday,0,Shoulder,2025-26,0
2026-04-04,Rough,2026,4,Apr,2026-04,Saturday,1,Shoulder,2025-26,0
2026-04-05,Calm,2026,4,Apr,2026-04,Sunday,1,Shoulder,2025-26,0
2026-04-06,Calm,2026,4,Apr,2026-04,Monday,0,Shoulder,2025-26,0
2026-04-07,Closed,2026,4,Apr,2026-04,Tuesday,0,Shoulder,2025-26,0
2026-04-08,Closed,2026,4,Apr,2026-04,Wednesday,0,Shoulder,2025-26,0
2026-04-09,Calm,2026,4,Apr,2026-04,Thursday,0,Shoulder,2025-26,0
2026-04-10,Calm,2026,4,Apr,2026-04,Friday,0,Shoulder,2025-26,0
2026-04-11,Calm,2026,4,Apr,2026-04,Saturday,1,Shoulder,2025-26,0
2026-04-12,Calm,2026,4,Apr,2026-04,Sunday,1,Shoulder,2025-26,0
2026-04-13,Calm,2026,4,Apr,2026-04,Monday,0,Shoulder,2025-26,0
2026-04-14,Calm,2026,4,Apr,2026-04,Tuesday,0,Shoulder,2025-26,0
2026-04-15,Rough,2026,4,Apr,2026-04,Wednesday,0,Shoulder,2025-26,0
2026-04-16,Rough,2026,4,Apr,2026-04,Thursday,0,Shoulder,2025-26,0
2026-04-17,Rough,2026,4,Apr,2026-04,Friday,0,Shoulder,2025-26,0
2026-04-18,Rough,2026,4,Apr,2026-04,Saturday,1,Shoulder,2025-26,0
2026-04-19,Moderate,2026,4,Apr,2026-04,Sunday,1,Shoulder,2025-26,0
2026-04-20,Moderate,2026,4,Apr,2026-04,Monday,0,Shoulder,2025-26,0
2026-04-21,Moderate,2026,4,Apr,2026-04,Tuesday,0,Shoulder,2025-26,0
2026-04-22,Moderate,2026,4,Apr,2026-04,Wednesday,0,Shoulder,2025-26,0
2026-04-23,Moderate,2026,4,Apr,2026-04,Thursday,0,Shoulder,2025-26,0
2026-04-24,Moderate,2026,4,Apr,2026-04,Friday,0,Shoulder,2025-26,0
2026-04-25,Moderate,2026,4,Apr,2026-04,Saturday,1,Shoulder,2025-26,0
2026-04-26,Moderate,2026,4,Apr,2026-04,Sunday,1,Shoulder,2025-26,0
2026-04-27,Moderate,2026,4,Apr,2026-04,Monday,0,Shoulder,2025-26,0
2026-04-28,Moderate,2026,4,Apr,2026-04,Tuesday,0,Shoulder,2025-26,0
2026-04-29,Moderate,2026,4,Apr,2026-04,Wednesday,0,Shoulder,2025-26,0
2026-04-30,Moderate,2026,4,Apr,2026-04,Thursday,0,Shoulder,2025-26,0
2026-05-01,Rough,2026,5,May,2026-05,Friday,0,Shoulder,2025-26,0
2026-05-02,Calm,2026,5,May,2026-05,Saturday,1,Shoulder,2025-26,0
2026-05-03,Moderate,2026,5,May,2026-05,Sunday,1,Shoulder,2025-26,0
2026-05-04,Moderate,2026,5,May,2026-05,Monday,0,Shoulder,2025-26,0
2026-05-05,Calm,2026,5,May,2026-05,Tuesday,0,Shoulder,2025-26,0
2026-05-06,Calm,2026,5,May,2026-05,Wednesday,0,Shoulder,2025-26,0
2026-05-07,Moderate,2026,5,May,2026-05,Thursday,0,Shoulder,2025-26,0
2026-05-08,Moderate,2026,5,May,2026-05,Friday,0,Shoulder,2025-26,0
2026-05-09,Moderate,2026,5,May,2026-05,Saturday,1,Shoulder,2025-26,0
2026-05-10,Moderate,2026,5,May,2026-05,Sunday,1,Shoulder,2025-26,0
2026-05-11,Calm,2026,5,May,2026-05,Monday,0,Shoulder,2025-26,0
2026-05-12,Moderate,2026,5,May,2026-05,Tuesday,0,Shoulder,2025-26,0
2026-05-13,Moderate,2026,5,May,2026-05,Wednesday,0,Shoulder,2025-26,0
2026-05-14,Moderate,2026,5,May,2026-05,Thursday,0,Shoulder,2025-26,0
2026-05-15,Closed,2026,5,May,2026-05,Friday,0,Shoulder,2025-26,0
2026-05-16,Closed,2026,5,May,2026-05,Saturday,1,Shoulder,2025-26,0
2026-05-17,Closed,2026,5,May,2026-05,Sunday,1,Shoulder,2025-26,0
2026-05-18,Calm,2026,5,May,2026-05,Monday,0,Shoulder,2025-26,0
2026-05-19,Moderate,2026,5,May,2026-05,Tuesday,0,Shoulder,2025-26,0
2026-05-20,Moderate,2026,5,May,2026-05,Wednesday,0,Shoulder,2025-26,0
2026-05-21,Moderate,2026,5,May,2026-05,Thursday,0,Shoulder,2025-26,0
2026-05-22,Moderate,2026,5,May,2026-05,Friday,0,Shoulder,2025-26,0
2026-05-23,Rough,2026,5,May,2026-05,Saturday,1,Shoulder,2025-26,0
2026-05-24,Rough,2026,5,May,2026-05,Sunday,1,Shoulder,2025-26,0
2026-05-25,Moderate,2026,5,May,2026-05,Monday,0,Shoulder,2025-26,0
2026-05-26,Moderate,2026,5,May,2026-05,Tuesday,0,Shoulder,2025-26,0
2026-05-27,Calm,2026,5,May,2026-05,Wednesday,0,Shoulder,2025-26,0
2026-05-28,Moderate,2026,5,May,2026-05,Thursday,0,Shoulder,2025-26,0
2026-05-29,Moderate,2026,5,May,2026-05,Friday,0,Shoulder,2025-26,0
2026-05-30,Moderate,2026,5,May,2026-05,Saturday,1,Shoulder,2025-26,0
2026-05-31,Moderate,2026,5,May,2026-05,Sunday,1,Shoulder,2025-26,0
