season_year,dive_month,boat_slots,completed_seats,trips,capacity_utilization,month_name
2023-24 (half),1,638,451,63,0.7068965517241379,Jan
2023-24 (half),2,569,394,56,0.6924428822495606,Feb
2023-24 (half),3,524,358,52,0.683206106870229,Mar
2023-24 (half),4,358,240,36,0.6703910614525139,Apr
2023-24 (half),5,313,198,31,0.6325878594249201,May
2024-25,1,606,375,60,0.6188118811881188,Jan
2024-25,2,530,337,53,0.6358490566037736,Feb
2024-25,3,520,321,53,0.6173076923076923,Mar
2024-25,4,396,218,41,0.5505050505050505,Apr
2024-25,5,307,163,31,0.5309446254071661,May
2024-25,6,39,4,4,0.10256410256410256,Jun
2024-25,9,61,6,6,0.09836065573770492,Sep
2024-25,10,347,192,34,0.553314121037464,Oct
2024-25,11,427,252,43,0.5901639344262295,Nov
2024-25,12,573,338,56,0.5898778359511344,Dec
2025-26,1,410,251,41,0.6121951219512195,Jan
2025-26,2,393,229,40,0.5826972010178118,Feb
2025-26,3,367,226,38,0.6158038147138964,Mar
2025-26,4,307,152,31,0.495114006514658,Apr
2025-26,5,324,164,31,0.5061728395061729,May
2025-26,6,97,7,9,0.07216494845360824,Jun
2025-26,9,46,6,4,0.13043478260869565,Sep
2025-26,10,325,179,33,0.5507692307692308,Oct
2025-26,11,316,165,33,0.5221518987341772,Nov
2025-26,12,437,267,43,0.6109839816933639,Dec
